id,prefecture_id,code,name,yomi,jdb_code,area_type
1,1,01101,札幌市中央区,サッポロシチュウオウク,011010000000,ordinance_designated_city
2,1,01102,札幌市北区,サッポロシキタク,011020000000,ordinance_designated_city
3,1,01103,札幌市東区,サッポロシヒガシク,011030000000,ordinance_designated_city
4,1,01104,札幌市白石区,サッポロシシロイシク,011040000000,ordinance_designated_city
5,1,01105,札幌市豊平区,サッポロシトヨヒラク,011050000000,ordinance_designated_city
6,1,01106,札幌市南区,サッポロシミナミク,011060000000,ordinance_designated_city
7,1,01107,札幌市西区,サッポロシニシク,011070000000,ordinance_designated_city
8,1,01108,札幌市厚別区,サッポロシアツベツク,011080000000,ordinance_designated_city
9,1,01109,札幌市手稲区,サッポロシテイネク,011090000000,ordinance_designated_city
10,1,01110,札幌市清田区,サッポロシキヨタク,011100000000,ordinance_designated_city
11,1,01202,函館市,ハコダテシ,012020000000,core_city
12,1,01203,小樽市,オタルシ,012030000000,other
13,1,01204,旭川市,アサヒカワシ,012040000000,core_city
14,1,01205,室蘭市,ムロランシ,012050000000,other
15,1,01206,釧路市,クシロシ,012060000000,other
16,1,01207,帯広市,オビヒロシ,012070000000,other
17,1,01208,北見市,キタミシ,012080000000,other
18,1,01209,夕張市,ユウバリシ,012090000000,other
19,1,01210,岩見沢市,イワミザワシ,012100000000,other
20,1,01211,網走市,アバシリシ,012110000000,other
21,1,01212,留萌市,ルモイシ,012120000000,other
22,1,01213,苫小牧市,トマコマイシ,012130000000,other
23,1,01214,稚内市,ワッカナイシ,012140000000,other
24,1,01215,美唄市,ビバイシ,012150000000,other
25,1,01216,芦別市,アシベツシ,012160000000,other
26,1,01217,江別市,エベツシ,012170000000,other
27,1,01218,赤平市,アカビラシ,012180000000,other
28,1,01219,紋別市,モンベツシ,012190000000,other
29,1,01220,士別市,シベツシ,012200000000,other
30,1,01221,名寄市,ナヨロシ,012210000000,other
31,1,01222,三笠市,ミカサシ,012220000000,other
32,1,01223,根室市,ネムロシ,012230000000,other
33,1,01224,千歳市,チトセシ,012240000000,other
34,1,01225,滝川市,タキカワシ,012250000000,other
35,1,01226,砂川市,スナガワシ,012260000000,other
36,1,01227,歌志内市,ウタシナイシ,012270000000,other
37,1,01228,深川市,フカガワシ,012280000000,other
38,1,01229,富良野市,フラノシ,012290000000,other
39,1,01230,登別市,ノボリベツシ,012300000000,other
40,1,01231,恵庭市,エニワシ,012310000000,other
41,1,01233,伊達市,ダテシ,012330000000,other
42,1,01234,北広島市,キタヒロシマシ,012340000000,other
43,1,01235,石狩市,イシカリシ,012350000000,other
44,1,01236,北斗市,ホクトシ,012360000000,other
45,1,01303,石狩郡当別町,イシカリグントウベツチョウ,013030000000,other
46,1,01304,石狩郡新篠津村,イシカリグンシンシノツムラ,013040000000,other
47,1,01331,松前郡松前町,マツマエグンマツマエチョウ,013310000000,other
48,1,01332,松前郡福島町,マツマエグンフクシマチョウ,013320000000,other
49,1,01333,上磯郡知内町,カミイソグンシリウチチョウ,013330000000,other
50,1,01334,上磯郡木古内町,カミイソグンキコナイチョウ,013340000000,other
51,1,01337,亀田郡七飯町,カメダグンナナエチョウ,013370000000,other
52,1,01343,茅部郡鹿部町,カヤベグンシカベチョウ,013430000000,other
53,1,01345,茅部郡森町,カヤベグンモリマチ,013450000000,other
54,1,01346,二海郡八雲町,フタミグンヤクモチョウ,013460000000,other
55,1,01347,山越郡長万部町,ヤマコシグンオシャマンベチョウ,013470000000,other
56,1,01361,檜山郡江差町,ヒヤマグンエサシチョウ,013610000000,other
57,1,01362,檜山郡上ノ国町,ヒヤマグンカミノクニチョウ,013620000000,other
58,1,01363,檜山郡厚沢部町,ヒヤマグンアッサブチョウ,013630000000,other
59,1,01364,爾志郡乙部町,ニシグンオトベチョウ,013640000000,other
60,1,01367,奥尻郡奥尻町,オクシリグンオクシリチョウ,013670000000,other
61,1,01370,瀬棚郡今金町,セタナグンイマカネチョウ,013700000000,other
62,1,01371,久遠郡せたな町,クドウグンセタナチョウ,013710000000,other
63,1,01391,島牧郡島牧村,シママキグンシママキムラ,013910000000,other
64,1,01392,寿都郡寿都町,スッツグンスッツチョウ,013920000000,other
65,1,01393,寿都郡黒松内町,スッツグンクロマツナイチョウ,013930000000,other
66,1,01394,磯谷郡蘭越町,イソヤグンランコシチョウ,013940000000,other
67,1,01395,虻田郡ニセコ町,アブタグンニセコチョウ,013950000000,other
68,1,01396,虻田郡真狩村,アブタグンマッカリムラ,013960000000,other
69,1,01397,虻田郡留寿都村,アブタグンルスツムラ,013970000000,other
70,1,01398,虻田郡喜茂別町,アブタグンキモベツチョウ,013980000000,other
71,1,01399,虻田郡京極町,アブタグンキョウゴクチョウ,013990000000,other
72,1,01400,虻田郡倶知安町,アブタグンクッチャンチョウ,014000000000,other
73,1,01401,岩内郡共和町,イワナイグンキョウワチョウ,014010000000,other
74,1,01402,岩内郡岩内町,イワナイグンイワナイチョウ,014020000000,other
75,1,01403,古宇郡泊村,フルウグントマリムラ,014030000000,other
76,1,01404,古宇郡神恵内村,フルウグンカモエナイムラ,014040000000,other
77,1,01405,積丹郡積丹町,シャコタングンシャコタンチョウ,014050000000,other
78,1,01406,古平郡古平町,フルビラグンフルビラチョウ,014060000000,other
79,1,01407,余市郡仁木町,ヨイチグンニキチョウ,014070000000,other
80,1,01408,余市郡余市町,ヨイチグンヨイチチョウ,014080000000,other
81,1,01409,余市郡赤井川村,ヨイチグンアカイガワムラ,014090000000,other
82,1,01423,空知郡南幌町,ソラチグンナンポロチョウ,014230000000,other
83,1,01424,空知郡奈井江町,ソラチグンナイエチョウ,014240000000,other
84,1,01425,空知郡上砂川町,ソラチグンカミスナガワチョウ,014250000000,other
85,1,01427,夕張郡由仁町,ユウバリグンユニチョウ,014270000000,other
86,1,01428,夕張郡長沼町,ユウバリグンナガヌマチョウ,014280000000,other
87,1,01429,夕張郡栗山町,ユウバリグンクリヤマチョウ,014290000000,other
88,1,01430,樺戸郡月形町,カバトグンツキガタチョウ,014300000000,other
89,1,01431,樺戸郡浦臼町,カバトグンウラウスチョウ,014310000000,other
90,1,01432,樺戸郡新十津川町,カバトグンシントツカワチョウ,014320000000,other
91,1,01433,雨竜郡妹背牛町,ウリュウグンモセウシチョウ,014330000000,other
92,1,01434,雨竜郡秩父別町,ウリュウグンチップベツチョウ,014340000000,other
93,1,01436,雨竜郡雨竜町,ウリュウグンウリュウチョウ,014360000000,other
94,1,01437,雨竜郡北竜町,ウリュウグンホクリュウチョウ,014370000000,other
95,1,01438,雨竜郡沼田町,ウリュウグンヌマタチョウ,014380000000,other
96,1,01452,上川郡鷹栖町,カミカワグンタカスチョウ,014520000000,other
97,1,01453,上川郡東神楽町,カミカワグンヒガシカグラチョウ,014530000000,other
98,1,01454,上川郡当麻町,カミカワグントウマチョウ,014540000000,other
99,1,01455,上川郡比布町,カミカワグンピップチョウ,014550000000,other
100,1,01456,上川郡愛別町,カミカワグンアイベツチョウ,014560000000,other
101,1,01457,上川郡上川町,カミカワグンカミカワチョウ,014570000000,other
102,1,01458,上川郡東川町,カミカワグンヒガシカワチョウ,014580000000,other
103,1,01459,上川郡美瑛町,カミカワグンビエイチョウ,014590000000,other
104,1,01460,空知郡上富良野町,ソラチグンカミフラノチョウ,014600000000,other
105,1,01461,空知郡中富良野町,ソラチグンナカフラノチョウ,014610000000,other
106,1,01462,空知郡南富良野町,ソラチグンミナミフラノチョウ,014620000000,other
107,1,01463,勇払郡占冠村,ユウフツグンシムカップムラ,014630000000,other
108,1,01464,上川郡和寒町,カミカワグンワッサムチョウ,014640000000,other
109,1,01465,上川郡剣淵町,カミカワグンケンブチチョウ,014650000000,other
110,1,01468,上川郡下川町,カミカワグンシモカワチョウ,014680000000,other
111,1,01469,中川郡美深町,ナカガワグンビフカチョウ,014690000000,other
112,1,01470,中川郡音威子府村,ナカガワグンオトイネップムラ,014700000000,other
113,1,01471,中川郡中川町,ナカガワグンナカガワチョウ,014710000000,other
114,1,01472,雨竜郡幌加内町,ウリュウグンホロカナイチョウ,014720000000,other
115,1,01481,増毛郡増毛町,マシケグンマシケチョウ,014810000000,other
116,1,01482,留萌郡小平町,ルモイグンオビラチョウ,014820000000,other
117,1,01483,苫前郡苫前町,トママエグントママエチョウ,014830000000,other
118,1,01484,苫前郡羽幌町,トママエグンハボロチョウ,014840000000,other
119,1,01485,苫前郡初山別村,トママエグンショサンベツムラ,014850000000,other
120,1,01486,天塩郡遠別町,テシオグンエンベツチョウ,014860000000,other
121,1,01487,天塩郡天塩町,テシオグンテシオチョウ,014870000000,other
122,1,01511,宗谷郡猿払村,ソウヤグンサルフツムラ,015110000000,other
123,1,01512,枝幸郡浜頓別町,エサシグンハマトンベツチョウ,015120000000,other
124,1,01513,枝幸郡中頓別町,エサシグンナカトンベツチョウ,015130000000,other
125,1,01514,枝幸郡枝幸町,エサシグンエサシチョウ,015140000000,other
126,1,01516,天塩郡豊富町,テシオグントヨトミチョウ,015160000000,other
127,1,01517,礼文郡礼文町,レブングンレブンチョウ,015170000000,other
128,1,01518,利尻郡利尻町,リシリグンリシリチョウ,015180000000,other
129,1,01519,利尻郡利尻富士町,リシリグンリシリフジチョウ,015190000000,other
130,1,01520,天塩郡幌延町,テシオグンホロノベチョウ,015200000000,other
131,1,01543,網走郡美幌町,アバシリグンビホロチョウ,015430000000,other
132,1,01544,網走郡津別町,アバシリグンツベツチョウ,015440000000,other
133,1,01545,斜里郡斜里町,シャリグンシャリチョウ,015450000000,other
134,1,01546,斜里郡清里町,シャリグンキヨサトチョウ,015460000000,other
135,1,01547,斜里郡小清水町,シャリグンコシミズチョウ,015470000000,other
136,1,01549,常呂郡訓子府町,トコログンクンネップチョウ,015490000000,other
137,1,01550,常呂郡置戸町,トコログンオケトチョウ,015500000000,other
138,1,01552,常呂郡佐呂間町,トコログンサロマチョウ,015520000000,other
139,1,01555,紋別郡遠軽町,モンベツグンエンガルチョウ,015550000000,other
140,1,01559,紋別郡湧別町,モンベツグンユウベツチョウ,015590000000,other
141,1,01560,紋別郡滝上町,モンベツグンタキノウエチョウ,015600000000,other
142,1,01561,紋別郡興部町,モンベツグンオコッペチョウ,015610000000,other
143,1,01562,紋別郡西興部村,モンベツグンニシオコッペムラ,015620000000,other
144,1,01563,紋別郡雄武町,モンベツグンオウムチョウ,015630000000,other
145,1,01564,網走郡大空町,アバシリグンオオゾラチョウ,015640000000,other
146,1,01571,虻田郡豊浦町,アブタグントヨウラチョウ,015710000000,other
147,1,01575,有珠郡壮瞥町,ウスグンソウベツチョウ,015750000000,other
148,1,01578,白老郡白老町,シラオイグンシラオイチョウ,015780000000,other
149,1,01581,勇払郡厚真町,ユウフツグンアツマチョウ,015810000000,other
150,1,01584,虻田郡洞爺湖町,アブタグントウヤコチョウ,015840000000,other
151,1,01585,勇払郡安平町,ユウフツグンアビラチョウ,015850000000,other
152,1,01586,勇払郡むかわ町,ユウフツグンムカワチョウ,015860000000,other
153,1,01601,沙流郡日高町,サルグンヒダカチョウ,016010000000,other
154,1,01602,沙流郡平取町,サルグンビラトリチョウ,016020000000,other
155,1,01604,新冠郡新冠町,ニイカップグンニイカップチョウ,016040000000,other
156,1,01607,浦河郡浦河町,ウラカワグンウラカワチョウ,016070000000,other
157,1,01608,様似郡様似町,サマニグンサマニチョウ,016080000000,other
158,1,01609,幌泉郡えりも町,ホロイズミグンエリモチョウ,016090000000,other
159,1,01610,日高郡新ひだか町,ヒダカグンシンヒダカチョウ,016100000000,other
160,1,01631,河東郡音更町,カトウグンオトフケチョウ,016310000000,other
161,1,01632,河東郡士幌町,カトウグンシホロチョウ,016320000000,other
162,1,01633,河東郡上士幌町,カトウグンカミシホロチョウ,016330000000,other
163,1,01634,河東郡鹿追町,カトウグンシカオイチョウ,016340000000,other
164,1,01635,上川郡新得町,カミカワグンシントクチョウ,016350000000,other
165,1,01636,上川郡清水町,カミカワグンシミズチョウ,016360000000,other
166,1,01637,河西郡芽室町,カサイグンメムロチョウ,016370000000,other
167,1,01638,河西郡中札内村,カサイグンナカサツナイムラ,016380000000,other
168,1,01639,河西郡更別村,カサイグンサラベツムラ,016390000000,other
169,1,01641,広尾郡大樹町,ヒロオグンタイキチョウ,016410000000,other
170,1,01642,広尾郡広尾町,ヒロオグンヒロオチョウ,016420000000,other
171,1,01643,中川郡幕別町,ナカガワグンマクベツチョウ,016430000000,other
172,1,01644,中川郡池田町,ナカガワグンイケダチョウ,016440000000,other
173,1,01645,中川郡豊頃町,ナカガワグントヨコロチョウ,016450000000,other
174,1,01646,中川郡本別町,ナカガワグンホンベツチョウ,016460000000,other
175,1,01647,足寄郡足寄町,アショログンアショロチョウ,016470000000,other
176,1,01648,足寄郡陸別町,アショログンリクベツチョウ,016480000000,other
177,1,01649,十勝郡浦幌町,トカチグンウラホロチョウ,016490000000,other
178,1,01661,釧路郡釧路町,クシログンクシロチョウ,016610000000,other
179,1,01662,厚岸郡厚岸町,アッケシグンアッケシチョウ,016620000000,other
180,1,01663,厚岸郡浜中町,アッケシグンハマナカチョウ,016630000000,other
181,1,01664,川上郡標茶町,カワカミグンシベチャチョウ,016640000000,other
182,1,01665,川上郡弟子屈町,カワカミグンテシカガチョウ,016650000000,other
183,1,01667,阿寒郡鶴居村,アカングンツルイムラ,016670000000,other
184,1,01668,白糠郡白糠町,シラヌカグンシラヌカチョウ,016680000000,other
185,1,01691,野付郡別海町,ノツケグンベツカイチョウ,016910000000,other
186,1,01692,標津郡中標津町,シベツグンナカシベツチョウ,016920000000,other
187,1,01693,標津郡標津町,シベツグンシベツチョウ,016930000000,other
188,1,01694,目梨郡羅臼町,メナシグンラウスチョウ,016940000000,other
189,2,02201,青森市,アオモリシ,022010000000,core_city
190,2,02202,弘前市,ヒロサキシ,022020000000,other
191,2,02203,八戸市,ハチノヘシ,022030000000,core_city
192,2,02204,黒石市,クロイシシ,022040000000,other
193,2,02205,五所川原市,ゴショガワラシ,022050000000,other
194,2,02206,十和田市,トワダシ,022060000000,other
195,2,02207,三沢市,ミサワシ,022070000000,other
196,2,02208,むつ市,ムツシ,022080000000,other
197,2,02209,つがる市,ツガルシ,022090000000,other
198,2,02210,平川市,ヒラカワシ,022100000000,other
199,2,02301,東津軽郡平内町,ヒガシツガルグンヒラナイマチ,023010000000,other
200,2,02303,東津軽郡今別町,ヒガシツガルグンイマベツマチ,023030000000,other
201,2,02304,東津軽郡蓬田村,ヒガシツガルグンヨモギタムラ,023040000000,other
202,2,02307,東津軽郡外ヶ浜町,ヒガシツガルグンソトガハママチ,023070000000,other
203,2,02321,西津軽郡鰺ヶ沢町,ニシツガルグンアジガサワマチ,023210000000,other
204,2,02323,西津軽郡深浦町,ニシツガルグンフカウラマチ,023230000000,other
205,2,02343,中津軽郡西目屋村,ナカツガルグンニシメヤムラ,023430000000,other
206,2,02361,南津軽郡藤崎町,ミナミツガルグンフジサキマチ,023610000000,other
207,2,02362,南津軽郡大鰐町,ミナミツガルグンオオワニマチ,023620000000,other
208,2,02367,南津軽郡田舎館村,ミナミツガルグンイナカダテムラ,023670000000,other
209,2,02381,北津軽郡板柳町,キタツガルグンイタヤナギマチ,023810000000,other
210,2,02384,北津軽郡鶴田町,キタツガルグンツルタマチ,023840000000,other
211,2,02387,北津軽郡中泊町,キタツガルグンナカドマリマチ,023870000000,other
212,2,02401,上北郡野辺地町,カミキタグンノヘジマチ,024010000000,other
213,2,02402,上北郡七戸町,カミキタグンシチノヘマチ,024020000000,other
214,2,02405,上北郡六戸町,カミキタグンロクノヘマチ,024050000000,other
215,2,02406,上北郡横浜町,カミキタグンヨコハママチ,024060000000,other
216,2,02408,上北郡東北町,カミキタグントウホクマチ,024080000000,other
217,2,02411,上北郡六ヶ所村,カミキタグンロッカショムラ,024110000000,other
218,2,02412,上北郡おいらせ町,カミキタグンオイラセチョウ,024120000000,other
219,2,02423,下北郡大間町,シモキタグンオオママチ,024230000000,other
220,2,02424,下北郡東通村,シモキタグンヒガシドオリムラ,024240000000,other
221,2,02425,下北郡風間浦村,シモキタグンカザマウラムラ,024250000000,other
222,2,02426,下北郡佐井村,シモキタグンサイムラ,024260000000,other
223,2,02441,三戸郡三戸町,サンノヘグンサンノヘマチ,024410000000,other
224,2,02442,三戸郡五戸町,サンノヘグンゴノヘマチ,024420000000,other
225,2,02443,三戸郡田子町,サンノヘグンタッコマチ,024430000000,other
226,2,02445,三戸郡南部町,サンノヘグンナンブチョウ,024450000000,other
227,2,02446,三戸郡階上町,サンノヘグンハシカミチョウ,024460000000,other
228,2,02450,三戸郡新郷村,サンノヘグンシンゴウムラ,024500000000,other
229,3,03201,盛岡市,モリオカシ,032010000000,core_city
230,3,03202,宮古市,ミヤコシ,032020000000,other
231,3,03203,大船渡市,オオフナトシ,032030000000,other
232,3,03205,花巻市,ハナマキシ,032050000000,other
233,3,03206,北上市,キタカミシ,032060000000,other
234,3,03207,久慈市,クジシ,032070000000,other
235,3,03208,遠野市,トオノシ,032080000000,other
236,3,03209,一関市,イチノセキシ,032090000000,other
237,3,03210,陸前高田市,リクゼンタカタシ,032100000000,other
238,3,03211,釜石市,カマイシシ,032110000000,other
239,3,03213,二戸市,ニノヘシ,032130000000,other
240,3,03214,八幡平市,ハチマンタイシ,032140000000,other
241,3,03215,奥州市,オウシュウシ,032150000000,other
242,3,03301,岩手郡雫石町,イワテグンシズクイシチョウ,033010000000,other
243,3,03302,岩手郡葛巻町,イワテグンクズマキマチ,033020000000,other
244,3,03303,岩手郡岩手町,イワテグンイワテマチ,033030000000,other
245,3,03305,滝沢市,タキザワシ,033050000000,other
246,3,03321,紫波郡紫波町,シワグンシワチョウ,033210000000,other
247,3,03322,紫波郡矢巾町,シワグンヤハバチョウ,033220000000,other
248,3,03366,和賀郡西和賀町,ワガグンニシワガマチ,033660000000,other
249,3,03381,胆沢郡金ケ崎町,イサワグンカネガサキチョウ,033810000000,other
250,3,03402,西磐井郡平泉町,ニシイワイグンヒライズミチョウ,034020000000,other
251,3,03441,気仙郡住田町,ケセングンスミタチョウ,034410000000,other
252,3,03461,上閉伊郡大槌町,カミヘイグンオオツチチョウ,034610000000,other
253,3,03482,下閉伊郡山田町,シモヘイグンヤマダマチ,034820000000,other
254,3,03483,下閉伊郡岩泉町,シモヘイグンイワイズミチョウ,034830000000,other
255,3,03484,下閉伊郡田野畑村,シモヘイグンタノハタムラ,034840000000,other
256,3,03485,下閉伊郡普代村,シモヘイグンフダイムラ,034850000000,other
257,3,03501,九戸郡軽米町,クノヘグンカルマイマチ,035010000000,other
258,3,03503,九戸郡野田村,クノヘグンノダムラ,035030000000,other
259,3,03506,九戸郡九戸村,クノヘグンクノヘムラ,035060000000,other
260,3,03507,九戸郡洋野町,クノヘグンヒロノチョウ,035070000000,other
261,3,03524,二戸郡一戸町,ニノヘグンイチノヘマチ,035240000000,other
262,4,04101,仙台市青葉区,センダイシアオバク,041010000000,ordinance_designated_city
263,4,04102,仙台市宮城野区,センダイシミヤギノク,041020000000,ordinance_designated_city
264,4,04103,仙台市若林区,センダイシワカバヤシク,041030000000,ordinance_designated_city
265,4,04104,仙台市太白区,センダイシタイハクク,041040000000,ordinance_designated_city
266,4,04105,仙台市泉区,センダイシイズミク,041050000000,ordinance_designated_city
267,4,04202,石巻市,イシノマキシ,042020000000,other
268,4,04203,塩竈市,シオガマシ,042030000000,other
269,4,04205,気仙沼市,ケセンヌマシ,042050000000,other
270,4,04206,白石市,シロイシシ,042060000000,other
271,4,04207,名取市,ナトリシ,042070000000,other
272,4,04208,角田市,カクダシ,042080000000,other
273,4,04209,多賀城市,タガジョウシ,042090000000,other
274,4,04211,岩沼市,イワヌマシ,042110000000,other
275,4,04212,登米市,トメシ,042120000000,other
276,4,04213,栗原市,クリハラシ,042130000000,other
277,4,04214,東松島市,ヒガシマツシマシ,042140000000,other
278,4,04215,大崎市,オオサキシ,042150000000,other
279,4,04301,刈田郡蔵王町,カッタグンザオウマチ,043010000000,other
280,4,04302,刈田郡七ヶ宿町,カッタグンシチカシュクマチ,043020000000,other
281,4,04321,柴田郡大河原町,シバタグンオオガワラマチ,043210000000,other
282,4,04322,柴田郡村田町,シバタグンムラタマチ,043220000000,other
283,4,04323,柴田郡柴田町,シバタグンシバタマチ,043230000000,other
284,4,04324,柴田郡川崎町,シバタグンカワサキマチ,043240000000,other
285,4,04341,伊具郡丸森町,イググンマルモリマチ,043410000000,other
286,4,04361,亘理郡亘理町,ワタリグンワタリチョウ,043610000000,other
287,4,04362,亘理郡山元町,ワタリグンヤマモトチョウ,043620000000,other
288,4,04401,宮城郡松島町,ミヤギグンマツシママチ,044010000000,other
289,4,04404,宮城郡七ヶ浜町,ミヤギグンシチガハママチ,044040000000,other
290,4,04406,宮城郡利府町,ミヤギグンリフチョウ,044060000000,other
291,4,04421,黒川郡大和町,クロカワグンタイワチョウ,044210000000,other
292,4,04422,黒川郡大郷町,クロカワグンオオサトチョウ,044220000000,other
293,4,04423,黒川郡富谷町,クロカワグントミヤマチ,044230000000,other
294,4,04424,黒川郡大衡村,クロカワグンオオヒラムラ,044240000000,other
295,4,04444,加美郡色麻町,カミグンシカマチョウ,044440000000,other
296,4,04445,加美郡加美町,カミグンカミマチ,044450000000,other
297,4,04501,遠田郡涌谷町,トオダグンワクヤチョウ,045010000000,other
298,4,04505,遠田郡美里町,トオダグンミサトマチ,045050000000,other
299,4,04581,牡鹿郡女川町,オシカグンオナガワチョウ,045810000000,other
300,4,04606,本吉郡南三陸町,モトヨシグンミナミサンリクチョウ,046060000000,other
301,5,05201,秋田市,アキタシ,052010000000,core_city
302,5,05202,能代市,ノシロシ,052020000000,other
303,5,05203,横手市,ヨコテシ,052030000000,other
304,5,05204,大館市,オオダテシ,052040000000,other
305,5,05206,男鹿市,オガシ,052060000000,other
306,5,05207,湯沢市,ユザワシ,052070000000,other
307,5,05209,鹿角市,カヅノシ,052090000000,other
308,5,05210,由利本荘市,ユリホンジョウシ,052100000000,other
309,5,05211,潟上市,カタガミシ,052110000000,other
310,5,05212,大仙市,ダイセンシ,052120000000,other
311,5,05213,北秋田市,キタアキタシ,052130000000,other
312,5,05214,にかほ市,ニカホシ,052140000000,other
313,5,05215,仙北市,センボクシ,052150000000,other
314,5,05303,鹿角郡小坂町,カヅノグンコサカマチ,053030000000,other
315,5,05327,北秋田郡上小阿仁村,キタアキタグンカミコアニムラ,053270000000,other
316,5,05346,山本郡藤里町,ヤマモトグンフジサトマチ,053460000000,other
317,5,05348,山本郡三種町,ヤマモトグンミタネチョウ,053480000000,other
318,5,05349,山本郡八峰町,ヤマモトグンハッポウチョウ,053490000000,other
319,5,05361,南秋田郡五城目町,ミナミアキタグンゴジョウメマチ,053610000000,other
320,5,05363,南秋田郡八郎潟町,ミナミアキタグンハチロウガタマチ,053630000000,other
321,5,05366,南秋田郡井川町,ミナミアキタグンイカワマチ,053660000000,other
322,5,05368,南秋田郡大潟村,ミナミアキタグンオオガタムラ,053680000000,other
323,5,05434,仙北郡美郷町,センボクグンミサトチョウ,054340000000,other
324,5,05463,雄勝郡羽後町,オガチグンウゴマチ,054630000000,other
325,5,05464,雄勝郡東成瀬村,オガチグンヒガシナルセムラ,054640000000,other
326,6,06201,山形市,ヤマガタシ,062010000000,core_city
327,6,06202,米沢市,ヨネザワシ,062020000000,other
328,6,06203,鶴岡市,ツルオカシ,062030000000,other
329,6,06204,酒田市,サカタシ,062040000000,other
330,6,06205,新庄市,シンジョウシ,062050000000,other
331,6,06206,寒河江市,サガエシ,062060000000,other
332,6,06207,上山市,カミノヤマシ,062070000000,other
333,6,06208,村山市,ムラヤマシ,062080000000,other
334,6,06209,長井市,ナガイシ,062090000000,other
335,6,06210,天童市,テンドウシ,062100000000,other
336,6,06211,東根市,ヒガシネシ,062110000000,other
337,6,06212,尾花沢市,オバナザワシ,062120000000,other
338,6,06213,南陽市,ナンヨウシ,062130000000,other
339,6,06301,東村山郡山辺町,ヒガシムラヤマグンヤマノベマチ,063010000000,other
340,6,06302,東村山郡中山町,ヒガシムラヤマグンナカヤママチ,063020000000,other
341,6,06321,西村山郡河北町,ニシムラヤマグンカホクチョウ,063210000000,other
342,6,06322,西村山郡西川町,ニシムラヤマグンニシカワマチ,063220000000,other
343,6,06323,西村山郡朝日町,ニシムラヤマグンアサヒマチ,063230000000,other
344,6,06324,西村山郡大江町,ニシムラヤマグンオオエマチ,063240000000,other
345,6,06341,北村山郡大石田町,キタムラヤマグンオオイシダマチ,063410000000,other
346,6,06361,最上郡金山町,モガミグンカネヤママチ,063610000000,other
347,6,06362,最上郡最上町,モガミグンモガミマチ,063620000000,other
348,6,06363,最上郡舟形町,モガミグンフナガタマチ,063630000000,other
349,6,06364,最上郡真室川町,モガミグンマムロガワマチ,063640000000,other
350,6,06365,最上郡大蔵村,モガミグンオオクラムラ,063650000000,other
351,6,06366,最上郡鮭川村,モガミグンサケガワムラ,063660000000,other
352,6,06367,最上郡戸沢村,モガミグントザワムラ,063670000000,other
353,6,06381,東置賜郡高畠町,ヒガシオキタマグンタカハタマチ,063810000000,other
354,6,06382,東置賜郡川西町,ヒガシオキタマグンカワニシマチ,063820000000,other
355,6,06401,西置賜郡小国町,ニシオキタマグンオグニマチ,064010000000,other
356,6,06402,西置賜郡白鷹町,ニシオキタマグンシラタカマチ,064020000000,other
357,6,06403,西置賜郡飯豊町,ニシオキタマグンイイデマチ,064030000000,other
358,6,06426,東田川郡三川町,ヒガシタガワグンミカワマチ,064260000000,other
359,6,06428,東田川郡庄内町,ヒガシタガワグンショウナイマチ,064280000000,other
360,6,06461,飽海郡遊佐町,アクミグンユザマチ,064610000000,other
361,7,07201,福島市,フクシマシ,072010000000,core_city
362,7,07202,会津若松市,アイヅワカマツシ,072020000000,other
363,7,07203,郡山市,コオリヤマシ,072030000000,core_city
364,7,07204,いわき市,イワキシ,072040000000,core_city
365,7,07205,白河市,シラカワシ,072050000000,other
366,7,07207,須賀川市,スカガワシ,072070000000,other
367,7,07208,喜多方市,キタカタシ,072080000000,other
368,7,07209,相馬市,ソウマシ,072090000000,other
369,7,07210,二本松市,ニホンマツシ,072100000000,other
370,7,07211,田村市,タムラシ,072110000000,other
371,7,07212,南相馬市,ミナミソウマシ,072120000000,other
372,7,07213,伊達市,ダテシ,072130000000,other
373,7,07214,本宮市,モトミヤシ,072140000000,other
374,7,07301,伊達郡桑折町,ダテグンコオリマチ,073010000000,other
375,7,07303,伊達郡国見町,ダテグンクニミマチ,073030000000,other
376,7,07308,伊達郡川俣町,ダテグンカワマタマチ,073080000000,other
377,7,07322,安達郡大玉村,アダチグンオオタマムラ,073220000000,other
378,7,07342,岩瀬郡鏡石町,イワセグンカガミイシマチ,073420000000,other
379,7,07344,岩瀬郡天栄村,イワセグンテンエイムラ,073440000000,other
380,7,07362,南会津郡下郷町,ミナミアイヅグンシモゴウマチ,073620000000,other
381,7,07364,南会津郡檜枝岐村,ミナミアイヅグンヒノエマタムラ,073640000000,other
382,7,07367,南会津郡只見町,ミナミアイヅグンタダミマチ,073670000000,other
383,7,07368,南会津郡南会津町,ミナミアイヅグンミナミアイヅマチ,073680000000,other
384,7,07402,耶麻郡北塩原村,ヤマグンキタシオバラムラ,074020000000,other
385,7,07405,耶麻郡西会津町,ヤマグンニシアイヅマチ,074050000000,other
386,7,07407,耶麻郡磐梯町,ヤマグンバンダイマチ,074070000000,other
387,7,07408,耶麻郡猪苗代町,ヤマグンイナワシロマチ,074080000000,other
388,7,07421,河沼郡会津坂下町,カワヌマグンアイヅバンゲマチ,074210000000,other
389,7,07422,河沼郡湯川村,カワヌマグンユガワムラ,074220000000,other
390,7,07423,河沼郡柳津町,カワヌマグンヤナイヅマチ,074230000000,other
391,7,07444,大沼郡三島町,オオヌマグンミシママチ,074440000000,other
392,7,07445,大沼郡金山町,オオヌマグンカネヤママチ,074450000000,other
393,7,07446,大沼郡昭和村,オオヌマグンショウワムラ,074460000000,other
394,7,07447,大沼郡会津美里町,オオヌマグンアイヅミサトマチ,074470000000,other
395,7,07461,西白河郡西郷村,ニシシラカワグンニシゴウムラ,074610000000,other
396,7,07464,西白河郡泉崎村,ニシシラカワグンイズミザキムラ,074640000000,other
397,7,07465,西白河郡中島村,ニシシラカワグンナカジマムラ,074650000000,other
398,7,07466,西白河郡矢吹町,ニシシラカワグンヤブキマチ,074660000000,other
399,7,07481,東白川郡棚倉町,ヒガシシラカワグンタナグラマチ,074810000000,other
400,7,07482,東白川郡矢祭町,ヒガシシラカワグンヤマツリマチ,074820000000,other
401,7,07483,東白川郡塙町,ヒガシシラカワグンハナワマチ,074830000000,other
402,7,07484,東白川郡鮫川村,ヒガシシラカワグンサメガワムラ,074840000000,other
403,7,07501,石川郡石川町,イシカワグンイシカワマチ,075010000000,other
404,7,07502,石川郡玉川村,イシカワグンタマカワムラ,075020000000,other
405,7,07503,石川郡平田村,イシカワグンヒラタムラ,075030000000,other
406,7,07504,石川郡浅川町,イシカワグンアサカワマチ,075040000000,other
407,7,07505,石川郡古殿町,イシカワグンフルドノマチ,075050000000,other
408,7,07521,田村郡三春町,タムラグンミハルマチ,075210000000,other
409,7,07522,田村郡小野町,タムラグンオノマチ,075220000000,other
410,7,07541,双葉郡広野町,フタバグンヒロノマチ,075410000000,other
411,7,07542,双葉郡楢葉町,フタバグンナラハマチ,075420000000,other
412,7,07543,双葉郡富岡町,フタバグントミオカマチ,075430000000,other
413,7,07544,双葉郡川内村,フタバグンカワウチムラ,075440000000,other
414,7,07545,双葉郡大熊町,フタバグンオオクママチ,075450000000,other
415,7,07546,双葉郡双葉町,フタバグンフタバマチ,075460000000,other
416,7,07547,双葉郡浪江町,フタバグンナミエマチ,075470000000,other
417,7,07548,双葉郡葛尾村,フタバグンカツラオムラ,075480000000,other
418,7,07561,相馬郡新地町,ソウマグンシンチマチ,075610000000,other
419,7,07564,相馬郡飯舘村,ソウマグンイイタテムラ,075640000000,other
420,8,08201,水戸市,ミトシ,082010000000,core_city
421,8,08202,日立市,ヒタチシ,082020000000,other
422,8,08203,土浦市,ツチウラシ,082030000000,other
423,8,08204,古河市,コガシ,082040000000,other
424,8,08205,石岡市,イシオカシ,082050000000,other
425,8,08207,結城市,ユウキシ,082070000000,other
426,8,08208,龍ケ崎市,リュウガサキシ,082080000000,other
427,8,08210,下妻市,シモツマシ,082100000000,other
428,8,08211,常総市,ジョウソウシ,082110000000,other
429,8,08212,常陸太田市,ヒタチオオタシ,082120000000,other
430,8,08214,高萩市,タカハギシ,082140000000,other
431,8,08215,北茨城市,キタイバラキシ,082150000000,other
432,8,08216,笠間市,カサマシ,082160000000,other
433,8,08217,取手市,トリデシ,082170000000,other
434,8,08219,牛久市,ウシクシ,082190000000,other
435,8,08220,つくば市,ツクバシ,082200000000,other
436,8,08221,ひたちなか市,ヒタチナカシ,082210000000,other
437,8,08222,鹿嶋市,カシマシ,082220000000,other
438,8,08223,潮来市,イタコシ,082230000000,other
439,8,08224,守谷市,モリヤシ,082240000000,other
440,8,08225,常陸大宮市,ヒタチオオミヤシ,082250000000,other
441,8,08226,那珂市,ナカシ,082260000000,other
442,8,08227,筑西市,チクセイシ,082270000000,other
443,8,08228,坂東市,バンドウシ,082280000000,other
444,8,08229,稲敷市,イナシキシ,082290000000,other
445,8,08230,かすみがうら市,カスミガウラシ,082300000000,other
446,8,08231,桜川市,サクラガワシ,082310000000,other
447,8,08232,神栖市,カミスシ,082320000000,other
448,8,08233,行方市,ナメガタシ,082330000000,other
449,8,08234,鉾田市,ホコタシ,082340000000,other
450,8,08235,つくばみらい市,ツクバミライシ,082350000000,other
451,8,08236,小美玉市,オミタマシ,082360000000,other
452,8,08302,東茨城郡茨城町,ヒガシイバラキグンイバラキマチ,083020000000,other
453,8,08309,東茨城郡大洗町,ヒガシイバラキグンオオアライマチ,083090000000,other
454,8,08310,東茨城郡城里町,ヒガシイバラキグンシロサトマチ,083100000000,other
455,8,08341,那珂郡東海村,ナカグントウカイムラ,083410000000,other
456,8,08364,久慈郡大子町,クジグンダイゴマチ,083640000000,other
457,8,08442,稲敷郡美浦村,イナシキグンミホムラ,084420000000,other
458,8,08443,稲敷郡阿見町,イナシキグンアミマチ,084430000000,other
459,8,08447,稲敷郡河内町,イナシキグンカワチマチ,084470000000,other
460,8,08521,結城郡八千代町,ユウキグンヤチヨマチ,085210000000,other
461,8,08542,猿島郡五霞町,サシマグンゴカマチ,085420000000,other
462,8,08546,猿島郡境町,サシマグンサカイマチ,085460000000,other
463,8,08564,北相馬郡利根町,キタソウマグントネマチ,085640000000,other
464,9,09201,宇都宮市,ウツノミヤシ,092010000000,core_city
465,9,09202,足利市,アシカガシ,092020000000,other
466,9,09203,栃木市,トチギシ,092030000000,other
467,9,09204,佐野市,サノシ,092040000000,other
468,9,09205,鹿沼市,カヌマシ,092050000000,other
469,9,09206,日光市,ニッコウシ,092060000000,other
470,9,09208,小山市,オヤマシ,092080000000,other
471,9,09209,真岡市,モオカシ,092090000000,other
472,9,09210,大田原市,オオタワラシ,092100000000,other
473,9,09211,矢板市,ヤイタシ,092110000000,other
474,9,09213,那須塩原市,ナスシオバラシ,092130000000,other
475,9,09214,さくら市,サクラシ,092140000000,other
476,9,09215,那須烏山市,ナスカラスヤマシ,092150000000,other
477,9,09216,下野市,シモツケシ,092160000000,other
478,9,09301,河内郡上三川町,カワチグンカミノカワマチ,093010000000,other
479,9,09342,芳賀郡益子町,ハガグンマシコマチ,093420000000,other
480,9,09343,芳賀郡茂木町,ハガグンモテギマチ,093430000000,other
481,9,09344,芳賀郡市貝町,ハガグンイチカイマチ,093440000000,other
482,9,09345,芳賀郡芳賀町,ハガグンハガマチ,093450000000,other
483,9,09361,下都賀郡壬生町,シモツガグンミブマチ,093610000000,other
484,9,09364,下都賀郡野木町,シモツガグンノギマチ,093640000000,other
485,9,09367,下都賀郡岩舟町,シモツガグンイワフネマチ,093670000000,other
486,9,09384,塩谷郡塩谷町,シオヤグンシオヤマチ,093840000000,other
487,9,09386,塩谷郡高根沢町,シオヤグンタカネザワマチ,093860000000,other
488,9,09407,那須郡那須町,ナスグンナスマチ,094070000000,other
489,9,09411,那須郡那珂川町,ナスグンナカガワマチ,094110000000,other
490,10,10201,前橋市,マエバシシ,102010000000,core_city
491,10,10202,高崎市,タカサキシ,102020000000,core_city
492,10,10203,桐生市,キリュウシ,102030000000,other
493,10,10204,伊勢崎市,イセサキシ,102040000000,other
494,10,10205,太田市,オオタシ,102050000000,other
495,10,10206,沼田市,ヌマタシ,102060000000,other
496,10,10207,館林市,タテバヤシシ,102070000000,other
497,10,10208,渋川市,シブカワシ,102080000000,other
498,10,10209,藤岡市,フジオカシ,102090000000,other
499,10,10210,富岡市,トミオカシ,102100000000,other
500,10,10211,安中市,アンナカシ,102110000000,other
501,10,10212,みどり市,ミドリシ,102120000000,other
502,10,10344,北群馬郡榛東村,キタグンマグンシントウムラ,103440000000,other
503,10,10345,北群馬郡吉岡町,キタグンマグンヨシオカマチ,103450000000,other
504,10,10366,多野郡上野村,タノグンウエノムラ,103660000000,other
505,10,10367,多野郡神流町,タノグンカンナマチ,103670000000,other
506,10,10382,甘楽郡下仁田町,カンラグンシモニタマチ,103820000000,other
507,10,10383,甘楽郡南牧村,カンラグンナンモクムラ,103830000000,other
508,10,10384,甘楽郡甘楽町,カンラグンカンラマチ,103840000000,other
509,10,10421,吾妻郡中之条町,アガツマグンナカノジョウマチ,104210000000,other
510,10,10424,吾妻郡長野原町,アガツマグンナガノハラマチ,104240000000,other
511,10,10425,吾妻郡嬬恋村,アガツマグンツマゴイムラ,104250000000,other
512,10,10426,吾妻郡草津町,アガツマグンクサツマチ,104260000000,other
513,10,10428,吾妻郡高山村,アガツマグンタカヤマムラ,104280000000,other
514,10,10429,吾妻郡東吾妻町,アガツマグンヒガシアガツママチ,104290000000,other
515,10,10443,利根郡片品村,トネグンカタシナムラ,104430000000,other
516,10,10444,利根郡川場村,トネグンカワバムラ,104440000000,other
517,10,10448,利根郡昭和村,トネグンショウワムラ,104480000000,other
518,10,10449,利根郡みなかみ町,トネグンミナカミマチ,104490000000,other
519,10,10464,佐波郡玉村町,サワグンタマムラマチ,104640000000,other
520,10,10521,邑楽郡板倉町,オウラグンイタクラマチ,105210000000,other
521,10,10522,邑楽郡明和町,オウラグンメイワマチ,105220000000,other
522,10,10523,邑楽郡千代田町,オウラグンチヨダマチ,105230000000,other
523,10,10524,邑楽郡大泉町,オウラグンオオイズミマチ,105240000000,other
524,10,10525,邑楽郡邑楽町,オウラグンオウラマチ,105250000000,other
525,11,11101,さいたま市西区,サイタマシニシク,111010000000,ordinance_designated_city
526,11,11102,さいたま市北区,サイタマシキタク,111020000000,ordinance_designated_city
527,11,11103,さいたま市大宮区,サイタマシオオミヤク,111030000000,ordinance_designated_city
528,11,11104,さいたま市見沼区,サイタマシミヌマク,111040000000,ordinance_designated_city
529,11,11105,さいたま市中央区,サイタマシチュウオウク,111050000000,ordinance_designated_city
530,11,11106,さいたま市桜区,サイタマシサクラク,111060000000,ordinance_designated_city
531,11,11107,さいたま市浦和区,サイタマシウラワク,111070000000,ordinance_designated_city
532,11,11108,さいたま市南区,サイタマシミナミク,111080000000,ordinance_designated_city
533,11,11109,さいたま市緑区,サイタマシミドリク,111090000000,ordinance_designated_city
534,11,11110,さいたま市岩槻区,サイタマシイワツキク,111100000000,ordinance_designated_city
535,11,11201,川越市,カワゴエシ,112010000000,core_city
536,11,11202,熊谷市,クマガヤシ,112020000000,other
537,11,11203,川口市,カワグチシ,112030000000,core_city
538,11,11206,行田市,ギョウダシ,112060000000,other
539,11,11207,秩父市,チチブシ,112070000000,other
540,11,11208,所沢市,トコロザワシ,112080000000,other
541,11,11209,飯能市,ハンノウシ,112090000000,other
542,11,11210,加須市,カゾシ,112100000000,other
543,11,11211,本庄市,ホンジョウシ,112110000000,other
544,11,11212,東松山市,ヒガシマツヤマシ,112120000000,other
545,11,11214,春日部市,カスカベシ,112140000000,other
546,11,11215,狭山市,サヤマシ,112150000000,other
547,11,11216,羽生市,ハニュウシ,112160000000,other
548,11,11217,鴻巣市,コウノスシ,112170000000,other
549,11,11218,深谷市,フカヤシ,112180000000,other
550,11,11219,上尾市,アゲオシ,112190000000,other
551,11,11221,草加市,ソウカシ,112210000000,other
552,11,11222,越谷市,コシガヤシ,112220000000,core_city
553,11,11223,蕨市,ワラビシ,112230000000,other
554,11,11224,戸田市,トダシ,112240000000,other
555,11,11225,入間市,イルマシ,112250000000,other
556,11,11227,朝霞市,アサカシ,112270000000,other
557,11,11228,志木市,シキシ,112280000000,other
558,11,11229,和光市,ワコウシ,112290000000,other
559,11,11230,新座市,ニイザシ,112300000000,other
560,11,11231,桶川市,オケガワシ,112310000000,other
561,11,11232,久喜市,クキシ,112320000000,other
562,11,11233,北本市,キタモトシ,112330000000,other
563,11,11234,八潮市,ヤシオシ,112340000000,other
564,11,11235,富士見市,フジミシ,112350000000,other
565,11,11237,三郷市,ミサトシ,112370000000,other
566,11,11238,蓮田市,ハスダシ,112380000000,other
567,11,11239,坂戸市,サカドシ,112390000000,other
568,11,11240,幸手市,サッテシ,112400000000,other
569,11,11241,鶴ヶ島市,ツルガシマシ,112410000000,other
570,11,11242,日高市,ヒダカシ,112420000000,other
571,11,11243,吉川市,ヨシカワシ,112430000000,other
572,11,11245,ふじみ野市,フジミノシ,112450000000,other
573,11,11246,白岡市,シラオカシ,112460000000,other
574,11,11301,北足立郡伊奈町,キタアダチグンイナマチ,113010000000,other
575,11,11324,入間郡三芳町,イルマグンミヨシマチ,113240000000,other
576,11,11326,入間郡毛呂山町,イルマグンモロヤママチ,113260000000,other
577,11,11327,入間郡越生町,イルマグンオゴセマチ,113270000000,other
578,11,11341,比企郡滑川町,ヒキグンナメガワマチ,113410000000,other
579,11,11342,比企郡嵐山町,ヒキグンランザンマチ,113420000000,other
580,11,11343,比企郡小川町,ヒキグンオガワマチ,113430000000,other
581,11,11346,比企郡川島町,ヒキグンカワジママチ,113460000000,other
582,11,11347,比企郡吉見町,ヒキグンヨシミマチ,113470000000,other
583,11,11348,比企郡鳩山町,ヒキグンハトヤママチ,113480000000,other
584,11,11349,比企郡ときがわ町,ヒキグントキガワマチ,113490000000,other
585,11,11361,秩父郡横瀬町,チチブグンヨコゼマチ,113610000000,other
586,11,11362,秩父郡皆野町,チチブグンミナノマチ,113620000000,other
587,11,11363,秩父郡長瀞町,チチブグンナガトロマチ,113630000000,other
588,11,11365,秩父郡小鹿野町,チチブグンオガノマチ,113650000000,other
589,11,11369,秩父郡東秩父村,チチブグンヒガシチチブムラ,113690000000,other
590,11,11381,児玉郡美里町,コダマグンミサトマチ,113810000000,other
591,11,11383,児玉郡神川町,コダマグンカミカワマチ,113830000000,other
592,11,11385,児玉郡上里町,コダマグンカミサトマチ,113850000000,other
593,11,11408,大里郡寄居町,オオサトグンヨリイマチ,114080000000,other
594,11,11442,南埼玉郡宮代町,ミナミサイタマグンミヤシロマチ,114420000000,other
595,11,11445,南埼玉郡白岡町,ミナミサイタマグンシラオカマチ,114450000000,other
596,11,11464,北葛飾郡杉戸町,キタカツシカグンスギトマチ,114640000000,other
597,11,11465,北葛飾郡松伏町,キタカツシカグンマツブシマチ,114650000000,other
598,12,12101,千葉市中央区,チバシチュウオウク,121010000000,ordinance_designated_city
599,12,12102,千葉市花見川区,チバシハナミガワク,121020000000,ordinance_designated_city
600,12,12103,千葉市稲毛区,チバシイナゲク,121030000000,ordinance_designated_city
601,12,12104,千葉市若葉区,チバシワカバク,121040000000,ordinance_designated_city
602,12,12105,千葉市緑区,チバシミドリク,121050000000,ordinance_designated_city
603,12,12106,千葉市美浜区,チバシミハマク,121060000000,ordinance_designated_city
604,12,12202,銚子市,チョウシシ,122020000000,other
605,12,12203,市川市,イチカワシ,122030000000,other
606,12,12204,船橋市,フナバシシ,122040000000,core_city
607,12,12205,館山市,タテヤマシ,122050000000,other
608,12,12206,木更津市,キサラヅシ,122060000000,other
609,12,12207,松戸市,マツドシ,122070000000,other
610,12,12208,野田市,ノダシ,122080000000,other
611,12,12210,茂原市,モバラシ,122100000000,other
612,12,12211,成田市,ナリタシ,122110000000,other
613,12,12212,佐倉市,サクラシ,122120000000,other
614,12,12213,東金市,トウガネシ,122130000000,other
615,12,12215,旭市,アサヒシ,122150000000,other
616,12,12216,習志野市,ナラシノシ,122160000000,other
617,12,12217,柏市,カシワシ,122170000000,core_city
618,12,12218,勝浦市,カツウラシ,122180000000,other
619,12,12219,市原市,イチハラシ,122190000000,other
620,12,12220,流山市,ナガレヤマシ,122200000000,other
621,12,12221,八千代市,ヤチヨシ,122210000000,other
622,12,12222,我孫子市,アビコシ,122220000000,other
623,12,12223,鴨川市,カモガワシ,122230000000,other
624,12,12224,鎌ケ谷市,カマガヤシ,122240000000,other
625,12,12225,君津市,キミツシ,122250000000,other
626,12,12226,富津市,フッツシ,122260000000,other
627,12,12227,浦安市,ウラヤスシ,122270000000,other
628,12,12228,四街道市,ヨツカイドウシ,122280000000,other
629,12,12229,袖ケ浦市,ソデガウラシ,122290000000,other
630,12,12230,八街市,ヤチマタシ,122300000000,other
631,12,12231,印西市,インザイシ,122310000000,other
632,12,12232,白井市,シロイシ,122320000000,other
633,12,12233,富里市,トミサトシ,122330000000,other
634,12,12234,南房総市,ミナミボウソウシ,122340000000,other
635,12,12235,匝瑳市,ソウサシ,122350000000,other
636,12,12236,香取市,カトリシ,122360000000,other
637,12,12237,山武市,サンムシ,122370000000,other
638,12,12238,いすみ市,イスミシ,122380000000,other
639,12,12239,大網白里市,オオアミシラサトシ,122390000000,other
640,12,12322,印旛郡酒々井町,インバグンシスイマチ,123220000000,other
641,12,12329,印旛郡栄町,インバグンサカエマチ,123290000000,other
642,12,12342,香取郡神崎町,カトリグンコウザキマチ,123420000000,other
643,12,12347,香取郡多古町,カトリグンタコマチ,123470000000,other
644,12,12349,香取郡東庄町,カトリグントウノショウマチ,123490000000,other
645,12,12402,山武郡大網白里町,サンブグンオオアミシラサトマチ,124020000000,other
646,12,12403,山武郡九十九里町,サンブグンクジュウクリマチ,124030000000,other
647,12,12409,山武郡芝山町,サンブグンシバヤママチ,124090000000,other
648,12,12410,山武郡横芝光町,サンブグンヨコシバヒカリマチ,124100000000,other
649,12,12421,長生郡一宮町,チョウセイグンイチノミヤマチ,124210000000,other
650,12,12422,長生郡睦沢町,チョウセイグンムツザワマチ,124220000000,other
651,12,12423,長生郡長生村,チョウセイグンチョウセイムラ,124230000000,other
652,12,12424,長生郡白子町,チョウセイグンシラコマチ,124240000000,other
653,12,12426,長生郡長柄町,チョウセイグンナガラマチ,124260000000,other
654,12,12427,長生郡長南町,チョウセイグンチョウナンマチ,124270000000,other
655,12,12441,夷隅郡大多喜町,イスミグンオオタキマチ,124410000000,other
656,12,12443,夷隅郡御宿町,イスミグンオンジュクマチ,124430000000,other
657,12,12463,安房郡鋸南町,アワグンキョナンマチ,124630000000,other
658,13,13101,千代田区,チヨダク,131010000000,tokyo_23ku
659,13,13102,中央区,チュウオウク,131020000000,tokyo_23ku
660,13,13103,港区,ミナトク,131030000000,tokyo_23ku
661,13,13104,新宿区,シンジュクク,131040000000,tokyo_23ku
662,13,13105,文京区,ブンキョウク,131050000000,tokyo_23ku
663,13,13106,台東区,タイトウク,131060000000,tokyo_23ku
664,13,13107,墨田区,スミダク,131070000000,tokyo_23ku
665,13,13108,江東区,コウトウク,131080000000,tokyo_23ku
666,13,13109,品川区,シナガワク,131090000000,tokyo_23ku
667,13,13110,目黒区,メグロク,131100000000,tokyo_23ku
668,13,13111,大田区,オオタク,131110000000,tokyo_23ku
669,13,13112,世田谷区,セタガヤク,131120000000,tokyo_23ku
670,13,13113,渋谷区,シブヤク,131130000000,tokyo_23ku
671,13,13114,中野区,ナカノク,131140000000,tokyo_23ku
672,13,13115,杉並区,スギナミク,131150000000,tokyo_23ku
673,13,13116,豊島区,トシマク,131160000000,tokyo_23ku
674,13,13117,北区,キタク,131170000000,tokyo_23ku
675,13,13118,荒川区,アラカワク,131180000000,tokyo_23ku
676,13,13119,板橋区,イタバシク,131190000000,tokyo_23ku
677,13,13120,練馬区,ネリマク,131200000000,tokyo_23ku
678,13,13121,足立区,アダチク,131210000000,tokyo_23ku
679,13,13122,葛飾区,カツシカク,131220000000,tokyo_23ku
680,13,13123,江戸川区,エドガワク,131230000000,tokyo_23ku
681,13,13201,八王子市,ハチオウジシ,132010000000,core_city
682,13,13202,立川市,タチカワシ,132020000000,core_city
683,13,13203,武蔵野市,ムサシノシ,132030000000,core_city
684,13,13204,三鷹市,ミタカシ,132040000000,core_city
685,13,13205,青梅市,オウメシ,132050000000,core_city
686,13,13206,府中市,フチュウシ,132060000000,core_city
687,13,13207,昭島市,アキシマシ,132070000000,core_city
688,13,13208,調布市,チョウフシ,132080000000,core_city
689,13,13209,町田市,マチダシ,132090000000,core_city
690,13,13210,小金井市,コガネイシ,132100000000,core_city
691,13,13211,小平市,コダイラシ,132110000000,core_city
692,13,13212,日野市,ヒノシ,132120000000,core_city
693,13,13213,東村山市,ヒガシムラヤマシ,132130000000,core_city
694,13,13214,国分寺市,コクブンジシ,132140000000,core_city
695,13,13215,国立市,クニタチシ,132150000000,core_city
696,13,13218,福生市,フッサシ,132180000000,core_city
697,13,13219,狛江市,コマエシ,132190000000,core_city
698,13,13220,東大和市,ヒガシヤマトシ,132200000000,core_city
699,13,13221,清瀬市,キヨセシ,132210000000,core_city
700,13,13222,東久留米市,ヒガシクルメシ,132220000000,core_city
701,13,13223,武蔵村山市,ムサシムラヤマシ,132230000000,core_city
702,13,13224,多摩市,タマシ,132240000000,core_city
703,13,13225,稲城市,イナギシ,132250000000,core_city
704,13,13227,羽村市,ハムラシ,132270000000,core_city
705,13,13228,あきる野市,アキルノシ,132280000000,core_city
706,13,13229,西東京市,ニシトウキョウシ,132290000000,core_city
707,13,13303,西多摩郡瑞穂町,ニシタマグンミズホマチ,133030000000,other
708,13,13305,西多摩郡日の出町,ニシタマグンヒノデマチ,133050000000,other
709,13,13307,西多摩郡檜原村,ニシタマグンヒノハラムラ,133070000000,other
710,13,13308,西多摩郡奥多摩町,ニシタマグンオクタママチ,133080000000,other
711,13,13361,大島町,オオシママチ,133610000000,other
712,13,13362,利島村,トシマムラ,133620000000,other
713,13,13363,新島村,ニイジマムラ,133630000000,other
714,13,13364,神津島村,コウヅシマムラ,133640000000,other
715,13,13381,三宅島三宅村,ミヤケジマミヤケムラ,133810000000,other
716,13,13382,御蔵島村,ミクラジマムラ,133820000000,other
717,13,13401,八丈島八丈町,ハチジョウジマハチジョウマチ,134010000000,other
718,13,13402,青ヶ島村,アオガシマムラ,134020000000,other
719,13,13421,小笠原村,オガサワラムラ,134210000000,other
720,14,14101,横浜市鶴見区,ヨコハマシツルミク,141010000000,ordinance_designated_city
721,14,14102,横浜市神奈川区,ヨコハマシカナガワク,141020000000,ordinance_designated_city
722,14,14103,横浜市西区,ヨコハマシニシク,141030000000,ordinance_designated_city
723,14,14104,横浜市中区,ヨコハマシナカク,141040000000,ordinance_designated_city
724,14,14105,横浜市南区,ヨコハマシミナミク,141050000000,ordinance_designated_city
725,14,14106,横浜市保土ケ谷区,ヨコハマシホドガヤク,141060000000,ordinance_designated_city
726,14,14107,横浜市磯子区,ヨコハマシイソゴク,141070000000,ordinance_designated_city
727,14,14108,横浜市金沢区,ヨコハマシカナザワク,141080000000,ordinance_designated_city
728,14,14109,横浜市港北区,ヨコハマシコウホクク,141090000000,ordinance_designated_city
729,14,14110,横浜市戸塚区,ヨコハマシトツカク,141100000000,ordinance_designated_city
730,14,14111,横浜市港南区,ヨコハマシコウナンク,141110000000,ordinance_designated_city
731,14,14112,横浜市旭区,ヨコハマシアサヒク,141120000000,ordinance_designated_city
732,14,14113,横浜市緑区,ヨコハマシミドリク,141130000000,ordinance_designated_city
733,14,14114,横浜市瀬谷区,ヨコハマシセヤク,141140000000,ordinance_designated_city
734,14,14115,横浜市栄区,ヨコハマシサカエク,141150000000,ordinance_designated_city
735,14,14116,横浜市泉区,ヨコハマシイズミク,141160000000,ordinance_designated_city
736,14,14117,横浜市青葉区,ヨコハマシアオバク,141170000000,ordinance_designated_city
737,14,14118,横浜市都筑区,ヨコハマシツヅキク,141180000000,ordinance_designated_city
738,14,14131,川崎市川崎区,カワサキシカワサキク,141310000000,ordinance_designated_city
739,14,14132,川崎市幸区,カワサキシサイワイク,141320000000,ordinance_designated_city
740,14,14133,川崎市中原区,カワサキシナカハラク,141330000000,ordinance_designated_city
741,14,14134,川崎市高津区,カワサキシタカツク,141340000000,ordinance_designated_city
742,14,14135,川崎市多摩区,カワサキシタマク,141350000000,ordinance_designated_city
743,14,14136,川崎市宮前区,カワサキシミヤマエク,141360000000,ordinance_designated_city
744,14,14137,川崎市麻生区,カワサキシアサオク,141370000000,ordinance_designated_city
745,14,14151,相模原市緑区,サガミハラシミドリク,141510000000,ordinance_designated_city
746,14,14152,相模原市中央区,サガミハラシチュウオウク,141520000000,ordinance_designated_city
747,14,14153,相模原市南区,サガミハラシミナミク,141530000000,ordinance_designated_city
748,14,14201,横須賀市,ヨコスカシ,142010000000,core_city
749,14,14203,平塚市,ヒラツカシ,142030000000,other
750,14,14204,鎌倉市,カマクラシ,142040000000,other
751,14,14205,藤沢市,フジサワシ,142050000000,other
752,14,14206,小田原市,オダワラシ,142060000000,other
753,14,14207,茅ヶ崎市,チガサキシ,142070000000,other
754,14,14208,逗子市,ズシシ,142080000000,other
755,14,14210,三浦市,ミウラシ,142100000000,other
756,14,14211,秦野市,ハダノシ,142110000000,other
757,14,14212,厚木市,アツギシ,142120000000,other
758,14,14213,大和市,ヤマトシ,142130000000,other
759,14,14214,伊勢原市,イセハラシ,142140000000,other
760,14,14215,海老名市,エビナシ,142150000000,other
761,14,14216,座間市,ザマシ,142160000000,other
762,14,14217,南足柄市,ミナミアシガラシ,142170000000,other
763,14,14218,綾瀬市,アヤセシ,142180000000,other
764,14,14301,三浦郡葉山町,ミウラグンハヤママチ,143010000000,other
765,14,14321,高座郡寒川町,コウザグンサムカワマチ,143210000000,other
766,14,14341,中郡大磯町,ナカグンオオイソマチ,143410000000,other
767,14,14342,中郡二宮町,ナカグンニノミヤマチ,143420000000,other
768,14,14361,足柄上郡中井町,アシガラカミグンナカイマチ,143610000000,other
769,14,14362,足柄上郡大井町,アシガラカミグンオオイマチ,143620000000,other
770,14,14363,足柄上郡松田町,アシガラカミグンマツダマチ,143630000000,other
771,14,14364,足柄上郡山北町,アシガラカミグンヤマキタマチ,143640000000,other
772,14,14366,足柄上郡開成町,アシガラカミグンカイセイマチ,143660000000,other
773,14,14382,足柄下郡箱根町,アシガラシモグンハコネマチ,143820000000,other
774,14,14383,足柄下郡真鶴町,アシガラシモグンマナヅルマチ,143830000000,other
775,14,14384,足柄下郡湯河原町,アシガラシモグンユガワラマチ,143840000000,other
776,14,14401,愛甲郡愛川町,アイコウグンアイカワマチ,144010000000,other
777,14,14402,愛甲郡清川村,アイコウグンキヨカワムラ,144020000000,other
778,15,15101,新潟市北区,ニイガタシキタク,151010000000,ordinance_designated_city
779,15,15102,新潟市東区,ニイガタシヒガシク,151020000000,ordinance_designated_city
780,15,15103,新潟市中央区,ニイガタシチュウオウク,151030000000,ordinance_designated_city
781,15,15104,新潟市江南区,ニイガタシコウナンク,151040000000,ordinance_designated_city
782,15,15105,新潟市秋葉区,ニイガタシアキハク,151050000000,ordinance_designated_city
783,15,15106,新潟市南区,ニイガタシミナミク,151060000000,ordinance_designated_city
784,15,15107,新潟市西区,ニイガタシニシク,151070000000,ordinance_designated_city
785,15,15108,新潟市西蒲区,ニイガタシニシカンク,151080000000,ordinance_designated_city
786,15,15202,長岡市,ナガオカシ,152020000000,other
787,15,15204,三条市,サンジョウシ,152040000000,other
788,15,15205,柏崎市,カシワザキシ,152050000000,other
789,15,15206,新発田市,シバタシ,152060000000,other
790,15,15208,小千谷市,オヂヤシ,152080000000,other
791,15,15209,加茂市,カモシ,152090000000,other
792,15,15210,十日町市,トオカマチシ,152100000000,other
793,15,15211,見附市,ミツケシ,152110000000,other
794,15,15212,村上市,ムラカミシ,152120000000,other
795,15,15213,燕市,ツバメシ,152130000000,other
796,15,15216,糸魚川市,イトイガワシ,152160000000,other
797,15,15217,妙高市,ミョウコウシ,152170000000,other
798,15,15218,五泉市,ゴセンシ,152180000000,other
799,15,15222,上越市,ジョウエツシ,152220000000,other
800,15,15223,阿賀野市,アガノシ,152230000000,other
801,15,15224,佐渡市,サドシ,152240000000,other
802,15,15225,魚沼市,ウオヌマシ,152250000000,other
803,15,15226,南魚沼市,ミナミウオヌマシ,152260000000,other
804,15,15227,胎内市,タイナイシ,152270000000,other
805,15,15307,北蒲原郡聖籠町,キタカンバラグンセイロウマチ,153070000000,other
806,15,15342,西蒲原郡弥彦村,ニシカンバラグンヤヒコムラ,153420000000,other
807,15,15361,南蒲原郡田上町,ミナミカンバラグンタガミマチ,153610000000,other
808,15,15385,東蒲原郡阿賀町,ヒガシカンバラグンアガマチ,153850000000,other
809,15,15405,三島郡出雲崎町,サントウグンイズモザキマチ,154050000000,other
810,15,15461,南魚沼郡湯沢町,ミナミウオヌマグンユザワマチ,154610000000,other
811,15,15482,中魚沼郡津南町,ナカウオヌマグンツナンマチ,154820000000,other
812,15,15504,刈羽郡刈羽村,カリワグンカリワムラ,155040000000,other
813,15,15581,岩船郡関川村,イワフネグンセキカワムラ,155810000000,other
814,15,15586,岩船郡粟島浦村,イワフネグンアワシマウラムラ,155860000000,other
815,16,16201,富山市,トヤマシ,162010000000,core_city
816,16,16202,高岡市,タカオカシ,162020000000,other
817,16,16204,魚津市,ウオヅシ,162040000000,other
818,16,16205,氷見市,ヒミシ,162050000000,other
819,16,16206,滑川市,ナメリカワシ,162060000000,other
820,16,16207,黒部市,クロベシ,162070000000,other
821,16,16208,砺波市,トナミシ,162080000000,other
822,16,16209,小矢部市,オヤベシ,162090000000,other
823,16,16210,南砺市,ナントシ,162100000000,other
824,16,16211,射水市,イミズシ,162110000000,other
825,16,16321,中新川郡舟橋村,ナカニイカワグンフナハシムラ,163210000000,other
826,16,16322,中新川郡上市町,ナカニイカワグンカミイチマチ,163220000000,other
827,16,16323,中新川郡立山町,ナカニイカワグンタテヤママチ,163230000000,other
828,16,16342,下新川郡入善町,シモニイカワグンニュウゼンマチ,163420000000,other
829,16,16343,下新川郡朝日町,シモニイカワグンアサヒマチ,163430000000,other
830,17,17201,金沢市,カナザワシ,172010000000,core_city
831,17,17202,七尾市,ナナオシ,172020000000,other
832,17,17203,小松市,コマツシ,172030000000,other
833,17,17204,輪島市,ワジマシ,172040000000,other
834,17,17205,珠洲市,スズシ,172050000000,other
835,17,17206,加賀市,カガシ,172060000000,other
836,17,17207,羽咋市,ハクイシ,172070000000,other
837,17,17209,かほく市,カホクシ,172090000000,other
838,17,17210,白山市,ハクサンシ,172100000000,other
839,17,17211,能美市,ノミシ,172110000000,other
840,17,17212,野々市市,ノノイチシ,172120000000,other
841,17,17324,能美郡川北町,ノミグンカワキタマチ,173240000000,other
842,17,17361,河北郡津幡町,カホクグンツバタマチ,173610000000,other
843,17,17365,河北郡内灘町,カホクグンウチナダマチ,173650000000,other
844,17,17384,羽咋郡志賀町,ハクイグンシカマチ,173840000000,other
845,17,17386,羽咋郡宝達志水町,ハクイグンホウダツシミズチョウ,173860000000,other
846,17,17407,鹿島郡中能登町,カシマグンナカノトマチ,174070000000,other
847,17,17461,鳳珠郡穴水町,ホウスグンアナミズマチ,174610000000,other
848,17,17463,鳳珠郡能登町,ホウスグンノトチョウ,174630000000,other
849,18,18201,福井市,フクイシ,182010000000,core_city
850,18,18202,敦賀市,ツルガシ,182020000000,other
851,18,18204,小浜市,オバマシ,182040000000,other
852,18,18205,大野市,オオノシ,182050000000,other
853,18,18206,勝山市,カツヤマシ,182060000000,other
854,18,18207,鯖江市,サバエシ,182070000000,other
855,18,18208,あわら市,アワラシ,182080000000,other
856,18,18209,越前市,エチゼンシ,182090000000,other
857,18,18210,坂井市,サカイシ,182100000000,other
858,18,18322,吉田郡永平寺町,ヨシダグンエイヘイジチョウ,183220000000,other
859,18,18382,今立郡池田町,イマダテグンイケダチョウ,183820000000,other
860,18,18404,南条郡南越前町,ナンジョウグンミナミエチゼンチョウ,184040000000,other
861,18,18423,丹生郡越前町,ニュウグンエチゼンチョウ,184230000000,other
862,18,18442,三方郡美浜町,ミカタグンミハマチョウ,184420000000,other
863,18,18481,大飯郡高浜町,オオイグンタカハマチョウ,184810000000,other
864,18,18483,大飯郡おおい町,オオイグンオオイチョウ,184830000000,other
865,18,18501,三方上中郡若狭町,ミカタカミナカグンワカサチョウ,185010000000,other
866,19,19201,甲府市,コウフシ,192010000000,core_city
867,19,19202,富士吉田市,フジヨシダシ,192020000000,other
868,19,19204,都留市,ツルシ,192040000000,other
869,19,19205,山梨市,ヤマナシシ,192050000000,other
870,19,19206,大月市,オオツキシ,192060000000,other
871,19,19207,韮崎市,ニラサキシ,192070000000,other
872,19,19208,南アルプス市,ミナミアルプスシ,192080000000,other
873,19,19209,北杜市,ホクトシ,192090000000,other
874,19,19210,甲斐市,カイシ,192100000000,other
875,19,19211,笛吹市,フエフキシ,192110000000,other
876,19,19212,上野原市,ウエノハラシ,192120000000,other
877,19,19213,甲州市,コウシュウシ,192130000000,other
878,19,19214,中央市,チュウオウシ,192140000000,other
879,19,19346,西八代郡市川三郷町,ニシヤツシログンイチカワミサトチョウ,193460000000,other
880,19,19364,南巨摩郡早川町,ミナミコマグンハヤカワチョウ,193640000000,other
881,19,19365,南巨摩郡身延町,ミナミコマグンミノブチョウ,193650000000,other
882,19,19366,南巨摩郡南部町,ミナミコマグンナンブチョウ,193660000000,other
883,19,19368,南巨摩郡富士川町,ミナミコマグンフジカワチョウ,193680000000,other
884,19,19384,中巨摩郡昭和町,ナカコマグンショウワチョウ,193840000000,other
885,19,19422,南都留郡道志村,ミナミツルグンドウシムラ,194220000000,other
886,19,19423,南都留郡西桂町,ミナミツルグンニシカツラチョウ,194230000000,other
887,19,19424,南都留郡忍野村,ミナミツルグンオシノムラ,194240000000,other
888,19,19425,南都留郡山中湖村,ミナミツルグンヤマナカコムラ,194250000000,other
889,19,19429,南都留郡鳴沢村,ミナミツルグンナルサワムラ,194290000000,other
890,19,19430,南都留郡富士河口湖町,ミナミツルグンフジカワグチコマチ,194300000000,other
891,19,19442,北都留郡小菅村,キタツルグンコスゲムラ,194420000000,other
892,19,19443,北都留郡丹波山村,キタツルグンタバヤマムラ,194430000000,other
893,20,20201,長野市,ナガノシ,202010000000,core_city
894,20,20202,松本市,マツモトシ,202020000000,other
895,20,20203,上田市,ウエダシ,202030000000,other
896,20,20204,岡谷市,オカヤシ,202040000000,other
897,20,20205,飯田市,イイダシ,202050000000,other
898,20,20206,諏訪市,スワシ,202060000000,other
899,20,20207,須坂市,スザカシ,202070000000,other
900,20,20208,小諸市,コモロシ,202080000000,other
901,20,20209,伊那市,イナシ,202090000000,other
902,20,20210,駒ヶ根市,コマガネシ,202100000000,other
903,20,20211,中野市,ナカノシ,202110000000,other
904,20,20212,大町市,オオマチシ,202120000000,other
905,20,20213,飯山市,イイヤマシ,202130000000,other
906,20,20214,茅野市,チノシ,202140000000,other
907,20,20215,塩尻市,シオジリシ,202150000000,other
908,20,20217,佐久市,サクシ,202170000000,other
909,20,20218,千曲市,チクマシ,202180000000,other
910,20,20219,東御市,トウミシ,202190000000,other
911,20,20220,安曇野市,アヅミノシ,202200000000,other
912,20,20303,南佐久郡小海町,ミナミサクグンコウミマチ,203030000000,other
913,20,20304,南佐久郡川上村,ミナミサクグンカワカミムラ,203040000000,other
914,20,20305,南佐久郡南牧村,ミナミサクグンミナミマキムラ,203050000000,other
915,20,20306,南佐久郡南相木村,ミナミサクグンミナミアイキムラ,203060000000,other
916,20,20307,南佐久郡北相木村,ミナミサクグンキタアイキムラ,203070000000,other
917,20,20309,南佐久郡佐久穂町,ミナミサクグンサクホマチ,203090000000,other
918,20,20321,北佐久郡軽井沢町,キタサクグンカルイザワマチ,203210000000,other
919,20,20323,北佐久郡御代田町,キタサクグンミヨタマチ,203230000000,other
920,20,20324,北佐久郡立科町,キタサクグンタテシナマチ,203240000000,other
921,20,20349,小県郡青木村,チイサガタグンアオキムラ,203490000000,other
922,20,20350,小県郡長和町,チイサガタグンナガワマチ,203500000000,other
923,20,20361,諏訪郡下諏訪町,スワグンシモスワマチ,203610000000,other
924,20,20362,諏訪郡富士見町,スワグンフジミマチ,203620000000,other
925,20,20363,諏訪郡原村,スワグンハラムラ,203630000000,other
926,20,20382,上伊那郡辰野町,カミイナグンタツノマチ,203820000000,other
927,20,20383,上伊那郡箕輪町,カミイナグンミノワマチ,203830000000,other
928,20,20384,上伊那郡飯島町,カミイナグンイイジママチ,203840000000,other
929,20,20385,上伊那郡南箕輪村,カミイナグンミナミミノワムラ,203850000000,other
930,20,20386,上伊那郡中川村,カミイナグンナカガワムラ,203860000000,other
931,20,20388,上伊那郡宮田村,カミイナグンミヤダムラ,203880000000,other
932,20,20402,下伊那郡松川町,シモイナグンマツカワマチ,204020000000,other
933,20,20403,下伊那郡高森町,シモイナグンタカモリマチ,204030000000,other
934,20,20404,下伊那郡阿南町,シモイナグンアナンチョウ,204040000000,other
935,20,20407,下伊那郡阿智村,シモイナグンアチムラ,204070000000,other
936,20,20409,下伊那郡平谷村,シモイナグンヒラヤムラ,204090000000,other
937,20,20410,下伊那郡根羽村,シモイナグンネバムラ,204100000000,other
938,20,20411,下伊那郡下條村,シモイナグンシモジョウムラ,204110000000,other
939,20,20412,下伊那郡売木村,シモイナグンウルギムラ,204120000000,other
940,20,20413,下伊那郡天龍村,シモイナグンテンリュウムラ,204130000000,other
941,20,20414,下伊那郡泰阜村,シモイナグンヤスオカムラ,204140000000,other
942,20,20415,下伊那郡喬木村,シモイナグンタカギムラ,204150000000,other
943,20,20416,下伊那郡豊丘村,シモイナグントヨオカムラ,204160000000,other
944,20,20417,下伊那郡大鹿村,シモイナグンオオシカムラ,204170000000,other
945,20,20422,木曽郡上松町,キソグンアゲマツマチ,204220000000,other
946,20,20423,木曽郡南木曽町,キソグンナギソマチ,204230000000,other
947,20,20425,木曽郡木祖村,キソグンキソムラ,204250000000,other
948,20,20429,木曽郡王滝村,キソグンオウタキムラ,204290000000,other
949,20,20430,木曽郡大桑村,キソグンオオクワムラ,204300000000,other
950,20,20432,木曽郡木曽町,キソグンキソマチ,204320000000,other
951,20,20446,東筑摩郡麻績村,ヒガシチクマグンオミムラ,204460000000,other
952,20,20448,東筑摩郡生坂村,ヒガシチクマグンイクサカムラ,204480000000,other
953,20,20450,東筑摩郡山形村,ヒガシチクマグンヤマガタムラ,204500000000,other
954,20,20451,東筑摩郡朝日村,ヒガシチクマグンアサヒムラ,204510000000,other
955,20,20452,東筑摩郡筑北村,ヒガシチクマグンチクホクムラ,204520000000,other
956,20,20481,北安曇郡池田町,キタアヅミグンイケダマチ,204810000000,other
957,20,20482,北安曇郡松川村,キタアヅミグンマツカワムラ,204820000000,other
958,20,20485,北安曇郡白馬村,キタアヅミグンハクバムラ,204850000000,other
959,20,20486,北安曇郡小谷村,キタアヅミグンオタリムラ,204860000000,other
960,20,20521,埴科郡坂城町,ハニシナグンサカキマチ,205210000000,other
961,20,20541,上高井郡小布施町,カミタカイグンオブセマチ,205410000000,other
962,20,20543,上高井郡高山村,カミタカイグンタカヤマムラ,205430000000,other
963,20,20561,下高井郡山ノ内町,シモタカイグンヤマノウチマチ,205610000000,other
964,20,20562,下高井郡木島平村,シモタカイグンキジマダイラムラ,205620000000,other
965,20,20563,下高井郡野沢温泉村,シモタカイグンノザワオンセンムラ,205630000000,other
966,20,20583,上水内郡信濃町,カミミノチグンシナノマチ,205830000000,other
967,20,20588,上水内郡小川村,カミミノチグンオガワムラ,205880000000,other
968,20,20590,上水内郡飯綱町,カミミノチグンイイヅナマチ,205900000000,other
969,20,20602,下水内郡栄村,シモミノチグンサカエムラ,206020000000,other
970,21,21201,岐阜市,ギフシ,212010000000,core_city
971,21,21202,大垣市,オオガキシ,212020000000,other
972,21,21203,高山市,タカヤマシ,212030000000,other
973,21,21204,多治見市,タジミシ,212040000000,other
974,21,21205,関市,セキシ,212050000000,other
975,21,21206,中津川市,ナカツガワシ,212060000000,other
976,21,21207,美濃市,ミノシ,212070000000,other
977,21,21208,瑞浪市,ミズナミシ,212080000000,other
978,21,21209,羽島市,ハシマシ,212090000000,other
979,21,21210,恵那市,エナシ,212100000000,other
980,21,21211,美濃加茂市,ミノカモシ,212110000000,other
981,21,21212,土岐市,トキシ,212120000000,other
982,21,21213,各務原市,カカミガハラシ,212130000000,other
983,21,21214,可児市,カニシ,212140000000,other
984,21,21215,山県市,ヤマガタシ,212150000000,other
985,21,21216,瑞穂市,ミズホシ,212160000000,other
986,21,21217,飛騨市,ヒダシ,212170000000,other
987,21,21218,本巣市,モトスシ,212180000000,other
988,21,21219,郡上市,グジョウシ,212190000000,other
989,21,21220,下呂市,ゲロシ,212200000000,other
990,21,21221,海津市,カイヅシ,212210000000,other
991,21,21302,羽島郡岐南町,ハシマグンギナンチョウ,213020000000,other
992,21,21303,羽島郡笠松町,ハシマグンカサマツチョウ,213030000000,other
993,21,21341,養老郡養老町,ヨウロウグンヨウロウチョウ,213410000000,other
994,21,21361,不破郡垂井町,フワグンタルイチョウ,213610000000,other
995,21,21362,不破郡関ケ原町,フワグンセキガハラチョウ,213620000000,other
996,21,21381,安八郡神戸町,アンパチグンゴウドチョウ,213810000000,other
997,21,21382,安八郡輪之内町,アンパチグンワノウチチョウ,213820000000,other
998,21,21383,安八郡安八町,アンパチグンアンパチチョウ,213830000000,other
999,21,21401,揖斐郡揖斐川町,イビグンイビガワチョウ,214010000000,other
1000,21,21403,揖斐郡大野町,イビグンオオノチョウ,214030000000,other
1001,21,21404,揖斐郡池田町,イビグンイケダチョウ,214040000000,other
1002,21,21421,本巣郡北方町,モトスグンキタガタチョウ,214210000000,other
1003,21,21501,加茂郡坂祝町,カモグンサカホギチョウ,215010000000,other
1004,21,21502,加茂郡富加町,カモグントミカチョウ,215020000000,other
1005,21,21503,加茂郡川辺町,カモグンカワベチョウ,215030000000,other
1006,21,21504,加茂郡七宗町,カモグンヒチソウチョウ,215040000000,other
1007,21,21505,加茂郡八百津町,カモグンヤオツチョウ,215050000000,other
1008,21,21506,加茂郡白川町,カモグンシラカワチョウ,215060000000,other
1009,21,21507,加茂郡東白川村,カモグンヒガシシラカワムラ,215070000000,other
1010,21,21521,可児郡御嵩町,カニグンミタケチョウ,215210000000,other
1011,21,21604,大野郡白川村,オオノグンシラカワムラ,216040000000,other
1012,22,22101,静岡市葵区,シズオカシアオイク,221010000000,ordinance_designated_city
1013,22,22102,静岡市駿河区,シズオカシスルガク,221020000000,ordinance_designated_city
1014,22,22103,静岡市清水区,シズオカシシミズク,221030000000,ordinance_designated_city
1015,22,22131,浜松市中区,ハママツシナカク,221310000000,ordinance_designated_city
1016,22,22132,浜松市東区,ハママツシヒガシク,221320000000,ordinance_designated_city
1017,22,22133,浜松市西区,ハママツシニシク,221330000000,ordinance_designated_city
1018,22,22134,浜松市南区,ハママツシミナミク,221340000000,ordinance_designated_city
1019,22,22135,浜松市北区,ハママツシキタク,221350000000,ordinance_designated_city
1020,22,22136,浜松市浜北区,ハママツシハマキタク,221360000000,ordinance_designated_city
1021,22,22137,浜松市天竜区,ハママツシテンリュウク,221370000000,ordinance_designated_city
1022,22,22203,沼津市,ヌマヅシ,222030000000,other
1023,22,22205,熱海市,アタミシ,222050000000,other
1024,22,22206,三島市,ミシマシ,222060000000,other
1025,22,22207,富士宮市,フジノミヤシ,222070000000,other
1026,22,22208,伊東市,イトウシ,222080000000,other
1027,22,22209,島田市,シマダシ,222090000000,other
1028,22,22210,富士市,フジシ,222100000000,other
1029,22,22211,磐田市,イワタシ,222110000000,other
1030,22,22212,焼津市,ヤイヅシ,222120000000,other
1031,22,22213,掛川市,カケガワシ,222130000000,other
1032,22,22214,藤枝市,フジエダシ,222140000000,other
1033,22,22215,御殿場市,ゴテンバシ,222150000000,other
1034,22,22216,袋井市,フクロイシ,222160000000,other
1035,22,22219,下田市,シモダシ,222190000000,other
1036,22,22220,裾野市,スソノシ,222200000000,other
1037,22,22221,湖西市,コサイシ,222210000000,other
1038,22,22222,伊豆市,イズシ,222220000000,other
1039,22,22223,御前崎市,オマエザキシ,222230000000,other
1040,22,22224,菊川市,キクガワシ,222240000000,other
1041,22,22225,伊豆の国市,イズノクニシ,222250000000,other
1042,22,22226,牧之原市,マキノハラシ,222260000000,other
1043,22,22301,賀茂郡東伊豆町,カモグンヒガシイズチョウ,223010000000,other
1044,22,22302,賀茂郡河津町,カモグンカワヅチョウ,223020000000,other
1045,22,22304,賀茂郡南伊豆町,カモグンミナミイズチョウ,223040000000,other
1046,22,22305,賀茂郡松崎町,カモグンマツザキチョウ,223050000000,other
1047,22,22306,賀茂郡西伊豆町,カモグンニシイズチョウ,223060000000,other
1048,22,22325,田方郡函南町,タガタグンカンナミチョウ,223250000000,other
1049,22,22341,駿東郡清水町,スントウグンシミズチョウ,223410000000,other
1050,22,22342,駿東郡長泉町,スントウグンナガイズミチョウ,223420000000,other
1051,22,22344,駿東郡小山町,スントウグンオヤマチョウ,223440000000,other
1052,22,22424,榛原郡吉田町,ハイバラグンヨシダチョウ,224240000000,other
1053,22,22429,榛原郡川根本町,ハイバラグンカワネホンチョウ,224290000000,other
1054,22,22461,周智郡森町,シュウチグンモリマチ,224610000000,other
1055,23,23101,名古屋市千種区,ナゴヤシチクサク,231010000000,ordinance_designated_city
1056,23,23102,名古屋市東区,ナゴヤシヒガシク,231020000000,ordinance_designated_city
1057,23,23103,名古屋市北区,ナゴヤシキタク,231030000000,ordinance_designated_city
1058,23,23104,名古屋市西区,ナゴヤシニシク,231040000000,ordinance_designated_city
1059,23,23105,名古屋市中村区,ナゴヤシナカムラク,231050000000,ordinance_designated_city
1060,23,23106,名古屋市中区,ナゴヤシナカク,231060000000,ordinance_designated_city
1061,23,23107,名古屋市昭和区,ナゴヤシショウワク,231070000000,ordinance_designated_city
1062,23,23108,名古屋市瑞穂区,ナゴヤシミズホク,231080000000,ordinance_designated_city
1063,23,23109,名古屋市熱田区,ナゴヤシアツタク,231090000000,ordinance_designated_city
1064,23,23110,名古屋市中川区,ナゴヤシナカガワク,231100000000,ordinance_designated_city
1065,23,23111,名古屋市港区,ナゴヤシミナトク,231110000000,ordinance_designated_city
1066,23,23112,名古屋市南区,ナゴヤシミナミク,231120000000,ordinance_designated_city
1067,23,23113,名古屋市守山区,ナゴヤシモリヤマク,231130000000,ordinance_designated_city
1068,23,23114,名古屋市緑区,ナゴヤシミドリク,231140000000,ordinance_designated_city
1069,23,23115,名古屋市名東区,ナゴヤシメイトウク,231150000000,ordinance_designated_city
1070,23,23116,名古屋市天白区,ナゴヤシテンパクク,231160000000,ordinance_designated_city
1071,23,23201,豊橋市,トヨハシシ,232010000000,core_city
1072,23,23202,岡崎市,オカザキシ,232020000000,core_city
1073,23,23203,一宮市,イチノミヤシ,232030000000,other
1074,23,23204,瀬戸市,セトシ,232040000000,other
1075,23,23205,半田市,ハンダシ,232050000000,other
1076,23,23206,春日井市,カスガイシ,232060000000,other
1077,23,23207,豊川市,トヨカワシ,232070000000,other
1078,23,23208,津島市,ツシマシ,232080000000,other
1079,23,23209,碧南市,ヘキナンシ,232090000000,other
1080,23,23210,刈谷市,カリヤシ,232100000000,other
1081,23,23211,豊田市,トヨタシ,232110000000,core_city
1082,23,23212,安城市,アンジョウシ,232120000000,other
1083,23,23213,西尾市,ニシオシ,232130000000,other
1084,23,23214,蒲郡市,ガマゴオリシ,232140000000,other
1085,23,23215,犬山市,イヌヤマシ,232150000000,other
1086,23,23216,常滑市,トコナメシ,232160000000,other
1087,23,23217,江南市,コウナンシ,232170000000,other
1088,23,23219,小牧市,コマキシ,232190000000,other
1089,23,23220,稲沢市,イナザワシ,232200000000,other
1090,23,23221,新城市,シンシロシ,232210000000,other
1091,23,23222,東海市,トウカイシ,232220000000,other
1092,23,23223,大府市,オオブシ,232230000000,other
1093,23,23224,知多市,チタシ,232240000000,other
1094,23,23225,知立市,チリュウシ,232250000000,other
1095,23,23226,尾張旭市,オワリアサヒシ,232260000000,other
1096,23,23227,高浜市,タカハマシ,232270000000,other
1097,23,23228,岩倉市,イワクラシ,232280000000,other
1098,23,23229,豊明市,トヨアケシ,232290000000,other
1099,23,23230,日進市,ニッシンシ,232300000000,other
1100,23,23231,田原市,タハラシ,232310000000,other
1101,23,23232,愛西市,アイサイシ,232320000000,other
1102,23,23233,清須市,キヨスシ,232330000000,other
1103,23,23234,北名古屋市,キタナゴヤシ,232340000000,other
1104,23,23235,弥富市,ヤトミシ,232350000000,other
1105,23,23236,みよし市,ミヨシシ,232360000000,other
1106,23,23237,あま市,アマシ,232370000000,other
1107,23,23238,長久手市,ナガクテシ,232380000000,other
1108,23,23302,愛知郡東郷町,アイチグントウゴウチョウ,233020000000,other
1109,23,23342,西春日井郡豊山町,ニシカスガイグントヨヤマチョウ,233420000000,other
1110,23,23361,丹羽郡大口町,ニワグンオオグチチョウ,233610000000,other
1111,23,23362,丹羽郡扶桑町,ニワグンフソウチョウ,233620000000,other
1112,23,23424,海部郡大治町,アマグンオオハルチョウ,234240000000,other
1113,23,23425,海部郡蟹江町,アマグンカニエチョウ,234250000000,other
1114,23,23427,海部郡飛島村,アマグントビシマムラ,234270000000,other
1115,23,23441,知多郡阿久比町,チタグンアグイチョウ,234410000000,other
1116,23,23442,知多郡東浦町,チタグンヒガシウラチョウ,234420000000,other
1117,23,23445,知多郡南知多町,チタグンミナミチタチョウ,234450000000,other
1118,23,23446,知多郡美浜町,チタグンミハマチョウ,234460000000,other
1119,23,23447,知多郡武豊町,チタグンタケトヨチョウ,234470000000,other
1120,23,23501,額田郡幸田町,ヌカタグンコウタチョウ,235010000000,other
1121,23,23561,北設楽郡設楽町,キタシタラグンシタラチョウ,235610000000,other
1122,23,23562,北設楽郡東栄町,キタシタラグントウエイチョウ,235620000000,other
1123,23,23563,北設楽郡豊根村,キタシタラグントヨネムラ,235630000000,other
1124,24,24201,津市,ツシ,242010000000,other
1125,24,24202,四日市市,ヨッカイチシ,242020000000,other
1126,24,24203,伊勢市,イセシ,242030000000,other
1127,24,24204,松阪市,マツサカシ,242040000000,other
1128,24,24205,桑名市,クワナシ,242050000000,other
1129,24,24207,鈴鹿市,スズカシ,242070000000,other
1130,24,24208,名張市,ナバリシ,242080000000,other
1131,24,24209,尾鷲市,オワセシ,242090000000,other
1132,24,24210,亀山市,カメヤマシ,242100000000,other
1133,24,24211,鳥羽市,トバシ,242110000000,other
1134,24,24212,熊野市,クマノシ,242120000000,other
1135,24,24214,いなべ市,イナベシ,242140000000,other
1136,24,24215,志摩市,シマシ,242150000000,other
1137,24,24216,伊賀市,イガシ,242160000000,other
1138,24,24303,桑名郡木曽岬町,クワナグンキソサキチョウ,243030000000,other
1139,24,24324,員弁郡東員町,イナベグントウインチョウ,243240000000,other
1140,24,24341,三重郡菰野町,ミエグンコモノチョウ,243410000000,other
1141,24,24343,三重郡朝日町,ミエグンアサヒチョウ,243430000000,other
1142,24,24344,三重郡川越町,ミエグンカワゴエチョウ,243440000000,other
1143,24,24441,多気郡多気町,タキグンタキチョウ,244410000000,other
1144,24,24442,多気郡明和町,タキグンメイワチョウ,244420000000,other
1145,24,24443,多気郡大台町,タキグンオオダイチョウ,244430000000,other
1146,24,24461,度会郡玉城町,ワタライグンタマキチョウ,244610000000,other
1147,24,24470,度会郡度会町,ワタライグンワタライチョウ,244700000000,other
1148,24,24471,度会郡大紀町,ワタライグンタイキチョウ,244710000000,other
1149,24,24472,度会郡南伊勢町,ワタライグンミナミイセチョウ,244720000000,other
1150,24,24543,北牟婁郡紀北町,キタムログンキホクチョウ,245430000000,other
1151,24,24561,南牟婁郡御浜町,ミナミムログンミハマチョウ,245610000000,other
1152,24,24562,南牟婁郡紀宝町,ミナミムログンキホウチョウ,245620000000,other
1153,25,25201,大津市,オオツシ,252010000000,core_city
1154,25,25202,彦根市,ヒコネシ,252020000000,other
1155,25,25203,長浜市,ナガハマシ,252030000000,other
1156,25,25204,近江八幡市,オウミハチマンシ,252040000000,other
1157,25,25206,草津市,クサツシ,252060000000,other
1158,25,25207,守山市,モリヤマシ,252070000000,other
1159,25,25208,栗東市,リットウシ,252080000000,other
1160,25,25209,甲賀市,コウカシ,252090000000,other
1161,25,25210,野洲市,ヤスシ,252100000000,other
1162,25,25211,湖南市,コナンシ,252110000000,other
1163,25,25212,高島市,タカシマシ,252120000000,other
1164,25,25213,東近江市,ヒガシオウミシ,252130000000,other
1165,25,25214,米原市,マイバラシ,252140000000,other
1166,25,25383,蒲生郡日野町,ガモウグンヒノチョウ,253830000000,other
1167,25,25384,蒲生郡竜王町,ガモウグンリュウオウチョウ,253840000000,other
1168,25,25425,愛知郡愛荘町,エチグンアイショウチョウ,254250000000,other
1169,25,25441,犬上郡豊郷町,イヌカミグントヨサトチョウ,254410000000,other
1170,25,25442,犬上郡甲良町,イヌカミグンコウラチョウ,254420000000,other
1171,25,25443,犬上郡多賀町,イヌカミグンタガチョウ,254430000000,other
1172,26,26101,京都市北区,キョウトシキタク,261010000000,ordinance_designated_city
1173,26,26102,京都市上京区,キョウトシカミギョウク,261020000000,ordinance_designated_city
1174,26,26103,京都市左京区,キョウトシサキョウク,261030000000,ordinance_designated_city
1175,26,26104,京都市中京区,キョウトシナカギョウク,261040000000,ordinance_designated_city
1176,26,26105,京都市東山区,キョウトシヒガシヤマク,261050000000,ordinance_designated_city
1177,26,26106,京都市下京区,キョウトシシモギョウク,261060000000,ordinance_designated_city
1178,26,26107,京都市南区,キョウトシミナミク,261070000000,ordinance_designated_city
1179,26,26108,京都市右京区,キョウトシウキョウク,261080000000,ordinance_designated_city
1180,26,26109,京都市伏見区,キョウトシフシミク,261090000000,ordinance_designated_city
1181,26,26110,京都市山科区,キョウトシヤマシナク,261100000000,ordinance_designated_city
1182,26,26111,京都市西京区,キョウトシニシキョウク,261110000000,ordinance_designated_city
1183,26,26201,福知山市,フクチヤマシ,262010000000,other
1184,26,26202,舞鶴市,マイヅルシ,262020000000,other
1185,26,26203,綾部市,アヤベシ,262030000000,other
1186,26,26204,宇治市,ウジシ,262040000000,other
1187,26,26205,宮津市,ミヤヅシ,262050000000,other
1188,26,26206,亀岡市,カメオカシ,262060000000,other
1189,26,26207,城陽市,ジョウヨウシ,262070000000,other
1190,26,26208,向日市,ムコウシ,262080000000,other
1191,26,26209,長岡京市,ナガオカキョウシ,262090000000,other
1192,26,26210,八幡市,ヤワタシ,262100000000,other
1193,26,26211,京田辺市,キョウタナベシ,262110000000,other
1194,26,26212,京丹後市,キョウタンゴシ,262120000000,other
1195,26,26213,南丹市,ナンタンシ,262130000000,other
1196,26,26214,木津川市,キヅガワシ,262140000000,other
1197,26,26303,乙訓郡大山崎町,オトクニグンオオヤマザキチョウ,263030000000,other
1198,26,26322,久世郡久御山町,クセグンクミヤマチョウ,263220000000,other
1199,26,26343,綴喜郡井手町,ツヅキグンイデチョウ,263430000000,other
1200,26,26344,綴喜郡宇治田原町,ツヅキグンウジタワラチョウ,263440000000,other
1201,26,26364,相楽郡笠置町,ソウラクグンカサギチョウ,263640000000,other
1202,26,26365,相楽郡和束町,ソウラクグンワヅカチョウ,263650000000,other
1203,26,26366,相楽郡精華町,ソウラクグンセイカチョウ,263660000000,other
1204,26,26367,相楽郡南山城村,ソウラクグンミナミヤマシロムラ,263670000000,other
1205,26,26407,船井郡京丹波町,フナイグンキョウタンバチョウ,264070000000,other
1206,26,26463,与謝郡伊根町,ヨサグンイネチョウ,264630000000,other
1207,26,26465,与謝郡与謝野町,ヨサグンヨサノチョウ,264650000000,other
1208,27,27102,大阪市都島区,オオサカシミヤコジマク,271020000000,ordinance_designated_city
1209,27,27103,大阪市福島区,オオサカシフクシマク,271030000000,ordinance_designated_city
1210,27,27104,大阪市此花区,オオサカシコノハナク,271040000000,ordinance_designated_city
1211,27,27106,大阪市西区,オオサカシニシク,271060000000,ordinance_designated_city
1212,27,27107,大阪市港区,オオサカシミナトク,271070000000,ordinance_designated_city
1213,27,27108,大阪市大正区,オオサカシタイショウク,271080000000,ordinance_designated_city
1214,27,27109,大阪市天王寺区,オオサカシテンノウジク,271090000000,ordinance_designated_city
1215,27,27111,大阪市浪速区,オオサカシナニワク,271110000000,ordinance_designated_city
1216,27,27113,大阪市西淀川区,オオサカシニシヨドガワク,271130000000,ordinance_designated_city
1217,27,27114,大阪市東淀川区,オオサカシヒガシヨドガワク,271140000000,ordinance_designated_city
1218,27,27115,大阪市東成区,オオサカシヒガシナリク,271150000000,ordinance_designated_city
1219,27,27116,大阪市生野区,オオサカシイクノク,271160000000,ordinance_designated_city
1220,27,27117,大阪市旭区,オオサカシアサヒク,271170000000,ordinance_designated_city
1221,27,27118,大阪市城東区,オオサカシジョウトウク,271180000000,ordinance_designated_city
1222,27,27119,大阪市阿倍野区,オオサカシアベノク,271190000000,ordinance_designated_city
1223,27,27120,大阪市住吉区,オオサカシスミヨシク,271200000000,ordinance_designated_city
1224,27,27121,大阪市東住吉区,オオサカシヒガシスミヨシク,271210000000,ordinance_designated_city
1225,27,27122,大阪市西成区,オオサカシニシナリク,271220000000,ordinance_designated_city
1226,27,27123,大阪市淀川区,オオサカシヨドガワク,271230000000,ordinance_designated_city
1227,27,27124,大阪市鶴見区,オオサカシツルミク,271240000000,ordinance_designated_city
1228,27,27125,大阪市住之江区,オオサカシスミノエク,271250000000,ordinance_designated_city
1229,27,27126,大阪市平野区,オオサカシヒラノク,271260000000,ordinance_designated_city
1230,27,27127,大阪市北区,オオサカシキタク,271270000000,ordinance_designated_city
1231,27,27128,大阪市中央区,オオサカシチュウオウク,271280000000,ordinance_designated_city
1232,27,27141,堺市堺区,サカイシサカイク,271410000000,ordinance_designated_city
1233,27,27142,堺市中区,サカイシナカク,271420000000,ordinance_designated_city
1234,27,27143,堺市東区,サカイシヒガシク,271430000000,ordinance_designated_city
1235,27,27144,堺市西区,サカイシニシク,271440000000,ordinance_designated_city
1236,27,27145,堺市南区,サカイシミナミク,271450000000,ordinance_designated_city
1237,27,27146,堺市北区,サカイシキタク,271460000000,ordinance_designated_city
1238,27,27147,堺市美原区,サカイシミハラク,271470000000,ordinance_designated_city
1239,27,27202,岸和田市,キシワダシ,272020000000,other
1240,27,27203,豊中市,トヨナカシ,272030000000,core_city
1241,27,27204,池田市,イケダシ,272040000000,other
1242,27,27205,吹田市,スイタシ,272050000000,core_city
1243,27,27206,泉大津市,イズミオオツシ,272060000000,other
1244,27,27207,高槻市,タカツキシ,272070000000,core_city
1245,27,27208,貝塚市,カイヅカシ,272080000000,other
1246,27,27209,守口市,モリグチシ,272090000000,other
1247,27,27210,枚方市,ヒラカタシ,272100000000,core_city
1248,27,27211,茨木市,イバラキシ,272110000000,other
1249,27,27212,八尾市,ヤオシ,272120000000,core_city
1250,27,27213,泉佐野市,イズミサノシ,272130000000,other
1251,27,27214,富田林市,トンダバヤシシ,272140000000,other
1252,27,27215,寝屋川市,ネヤガワシ,272150000000,core_city
1253,27,27216,河内長野市,カワチナガノシ,272160000000,other
1254,27,27217,松原市,マツバラシ,272170000000,other
1255,27,27218,大東市,ダイトウシ,272180000000,other
1256,27,27219,和泉市,イズミシ,272190000000,other
1257,27,27220,箕面市,ミノオシ,272200000000,other
1258,27,27221,柏原市,カシワラシ,272210000000,other
1259,27,27222,羽曳野市,ハビキノシ,272220000000,other
1260,27,27223,門真市,カドマシ,272230000000,other
1261,27,27224,摂津市,セッツシ,272240000000,other
1262,27,27225,高石市,タカイシシ,272250000000,other
1263,27,27226,藤井寺市,フジイデラシ,272260000000,other
1264,27,27227,東大阪市,ヒガシオオサカシ,272270000000,core_city
1265,27,27228,泉南市,センナンシ,272280000000,other
1266,27,27229,四條畷市,シジョウナワテシ,272290000000,other
1267,27,27230,交野市,カタノシ,272300000000,other
1268,27,27231,大阪狭山市,オオサカサヤマシ,272310000000,other
1269,27,27232,阪南市,ハンナンシ,272320000000,other
1270,27,27301,三島郡島本町,ミシマグンシマモトチョウ,273010000000,other
1271,27,27321,豊能郡豊能町,トヨノグントヨノチョウ,273210000000,other
1272,27,27322,豊能郡能勢町,トヨノグンノセチョウ,273220000000,other
1273,27,27341,泉北郡忠岡町,センボクグンタダオカチョウ,273410000000,other
1274,27,27361,泉南郡熊取町,センナングンクマトリチョウ,273610000000,other
1275,27,27362,泉南郡田尻町,センナングンタジリチョウ,273620000000,other
1276,27,27366,泉南郡岬町,センナングンミサキチョウ,273660000000,other
1277,27,27381,南河内郡太子町,ミナミカワチグンタイシチョウ,273810000000,other
1278,27,27382,南河内郡河南町,ミナミカワチグンカナンチョウ,273820000000,other
1279,27,27383,南河内郡千早赤阪村,ミナミカワチグンチハヤアカサカムラ,273830000000,other
1280,28,28101,神戸市東灘区,コウベシヒガシナダク,281010000000,ordinance_designated_city
1281,28,28102,神戸市灘区,コウベシナダク,281020000000,ordinance_designated_city
1282,28,28105,神戸市兵庫区,コウベシヒョウゴク,281050000000,ordinance_designated_city
1283,28,28106,神戸市長田区,コウベシナガタク,281060000000,ordinance_designated_city
1284,28,28107,神戸市須磨区,コウベシスマク,281070000000,ordinance_designated_city
1285,28,28108,神戸市垂水区,コウベシタルミク,281080000000,ordinance_designated_city
1286,28,28109,神戸市北区,コウベシキタク,281090000000,ordinance_designated_city
1287,28,28110,神戸市中央区,コウベシチュウオウク,281100000000,ordinance_designated_city
1288,28,28111,神戸市西区,コウベシニシク,281110000000,ordinance_designated_city
1289,28,28201,姫路市,ヒメジシ,282010000000,core_city
1290,28,28202,尼崎市,アマガサキシ,282020000000,core_city
1291,28,28203,明石市,アカシシ,282030000000,core_city
1292,28,28204,西宮市,ニシノミヤシ,282040000000,core_city
1293,28,28205,洲本市,スモトシ,282050000000,other
1294,28,28206,芦屋市,アシヤシ,282060000000,other
1295,28,28207,伊丹市,イタミシ,282070000000,other
1296,28,28208,相生市,アイオイシ,282080000000,other
1297,28,28209,豊岡市,トヨオカシ,282090000000,other
1298,28,28210,加古川市,カコガワシ,282100000000,other
1299,28,28212,赤穂市,アコウシ,282120000000,other
1300,28,28213,西脇市,ニシワキシ,282130000000,other
1301,28,28214,宝塚市,タカラヅカシ,282140000000,other
1302,28,28215,三木市,ミキシ,282150000000,other
1303,28,28216,高砂市,タカサゴシ,282160000000,other
1304,28,28217,川西市,カワニシシ,282170000000,other
1305,28,28218,小野市,オノシ,282180000000,other
1306,28,28219,三田市,サンダシ,282190000000,other
1307,28,28220,加西市,カサイシ,282200000000,other
1308,28,28221,篠山市,ササヤマシ,282210000000,other
1309,28,28222,養父市,ヤブシ,282220000000,other
1310,28,28223,丹波市,タンバシ,282230000000,other
1311,28,28224,南あわじ市,ミナミアワジシ,282240000000,other
1312,28,28225,朝来市,アサゴシ,282250000000,other
1313,28,28226,淡路市,アワジシ,282260000000,other
1314,28,28227,宍粟市,シソウシ,282270000000,other
1315,28,28228,加東市,カトウシ,282280000000,other
1316,28,28229,たつの市,タツノシ,282290000000,other
1317,28,28301,川辺郡猪名川町,カワベグンイナガワチョウ,283010000000,other
1318,28,28365,多可郡多可町,タカグンタカチョウ,283650000000,other
1319,28,28381,加古郡稲美町,カコグンイナミチョウ,283810000000,other
1320,28,28382,加古郡播磨町,カコグンハリマチョウ,283820000000,other
1321,28,28442,神崎郡市川町,カンザキグンイチカワチョウ,284420000000,other
1322,28,28443,神崎郡福崎町,カンザキグンフクサキチョウ,284430000000,other
1323,28,28446,神崎郡神河町,カンザキグンカミカワチョウ,284460000000,other
1324,28,28464,揖保郡太子町,イボグンタイシチョウ,284640000000,other
1325,28,28481,赤穂郡上郡町,アコウグンカミゴオリチョウ,284810000000,other
1326,28,28501,佐用郡佐用町,サヨウグンサヨウチョウ,285010000000,other
1327,28,28585,美方郡香美町,ミカタグンカミチョウ,285850000000,other
1328,28,28586,美方郡新温泉町,ミカタグンシンオンセンチョウ,285860000000,other
1329,29,29201,奈良市,ナラシ,292010000000,core_city
1330,29,29202,大和高田市,ヤマトタカダシ,292020000000,other
1331,29,29203,大和郡山市,ヤマトコオリヤマシ,292030000000,other
1332,29,29204,天理市,テンリシ,292040000000,other
1333,29,29205,橿原市,カシハラシ,292050000000,other
1334,29,29206,桜井市,サクライシ,292060000000,other
1335,29,29207,五條市,ゴジョウシ,292070000000,other
1336,29,29208,御所市,ゴセシ,292080000000,other
1337,29,29209,生駒市,イコマシ,292090000000,other
1338,29,29210,香芝市,カシバシ,292100000000,other
1339,29,29211,葛城市,カツラギシ,292110000000,other
1340,29,29212,宇陀市,ウダシ,292120000000,other
1341,29,29322,山辺郡山添村,ヤマベグンヤマゾエムラ,293220000000,other
1342,29,29342,生駒郡平群町,イコマグンヘグリチョウ,293420000000,other
1343,29,29343,生駒郡三郷町,イコマグンサンゴウチョウ,293430000000,other
1344,29,29344,生駒郡斑鳩町,イコマグンイカルガチョウ,293440000000,other
1345,29,29345,生駒郡安堵町,イコマグンアンドチョウ,293450000000,other
1346,29,29361,磯城郡川西町,シキグンカワニシチョウ,293610000000,other
1347,29,29362,磯城郡三宅町,シキグンミヤケチョウ,293620000000,other
1348,29,29363,磯城郡田原本町,シキグンタワラモトチョウ,293630000000,other
1349,29,29385,宇陀郡曽爾村,ウダグンソニムラ,293850000000,other
1350,29,29386,宇陀郡御杖村,ウダグンミツエムラ,293860000000,other
1351,29,29401,高市郡高取町,タカイチグンタカトリチョウ,294010000000,other
1352,29,29402,高市郡明日香村,タカイチグンアスカムラ,294020000000,other
1353,29,29424,北葛城郡上牧町,キタカツラギグンカンマキチョウ,294240000000,other
1354,29,29425,北葛城郡王寺町,キタカツラギグンオウジチョウ,294250000000,other
1355,29,29426,北葛城郡広陵町,キタカツラギグンコウリョウチョウ,294260000000,other
1356,29,29427,北葛城郡河合町,キタカツラギグンカワイチョウ,294270000000,other
1357,29,29441,吉野郡吉野町,ヨシノグンヨシノチョウ,294410000000,other
1358,29,29442,吉野郡大淀町,ヨシノグンオオヨドチョウ,294420000000,other
1359,29,29443,吉野郡下市町,ヨシノグンシモイチチョウ,294430000000,other
1360,29,29444,吉野郡黒滝村,ヨシノグンクロタキムラ,294440000000,other
1361,29,29446,吉野郡天川村,ヨシノグンテンカワムラ,294460000000,other
1362,29,29447,吉野郡野迫川村,ヨシノグンノセガワムラ,294470000000,other
1363,29,29449,吉野郡十津川村,ヨシノグントツカワムラ,294490000000,other
1364,29,29450,吉野郡下北山村,ヨシノグンシモキタヤマムラ,294500000000,other
1365,29,29451,吉野郡上北山村,ヨシノグンカミキタヤマムラ,294510000000,other
1366,29,29452,吉野郡川上村,ヨシノグンカワカミムラ,294520000000,other
1367,29,29453,吉野郡東吉野村,ヨシノグンヒガシヨシノムラ,294530000000,other
1368,30,30201,和歌山市,ワカヤマシ,302010000000,core_city
1369,30,30202,海南市,カイナンシ,302020000000,other
1370,30,30203,橋本市,ハシモトシ,302030000000,other
1371,30,30204,有田市,アリダシ,302040000000,other
1372,30,30205,御坊市,ゴボウシ,302050000000,other
1373,30,30206,田辺市,タナベシ,302060000000,other
1374,30,30207,新宮市,シングウシ,302070000000,other
1375,30,30208,紀の川市,キノカワシ,302080000000,other
1376,30,30209,岩出市,イワデシ,302090000000,other
1377,30,30304,海草郡紀美野町,カイソウグンキミノチョウ,303040000000,other
1378,30,30341,伊都郡かつらぎ町,イトグンカツラギチョウ,303410000000,other
1379,30,30343,伊都郡九度山町,イトグンクドヤマチョウ,303430000000,other
1380,30,30344,伊都郡高野町,イトグンコウヤチョウ,303440000000,other
1381,30,30361,有田郡湯浅町,アリダグンユアサチョウ,303610000000,other
1382,30,30362,有田郡広川町,アリダグンヒロガワチョウ,303620000000,other
1383,30,30366,有田郡有田川町,アリダグンアリダガワチョウ,303660000000,other
1384,30,30381,日高郡美浜町,ヒダカグンミハマチョウ,303810000000,other
1385,30,30382,日高郡日高町,ヒダカグンヒダカチョウ,303820000000,other
1386,30,30383,日高郡由良町,ヒダカグンユラチョウ,303830000000,other
1387,30,30390,日高郡印南町,ヒダカグンイナミチョウ,303900000000,other
1388,30,30391,日高郡みなべ町,ヒダカグンミナベチョウ,303910000000,other
1389,30,30392,日高郡日高川町,ヒダカグンヒダカガワチョウ,303920000000,other
1390,30,30401,西牟婁郡白浜町,ニシムログンシラハマチョウ,304010000000,other
1391,30,30404,西牟婁郡上富田町,ニシムログンカミトンダチョウ,304040000000,other
1392,30,30406,西牟婁郡すさみ町,ニシムログンスサミチョウ,304060000000,other
1393,30,30421,東牟婁郡那智勝浦町,ヒガシムログンナチカツウラチョウ,304210000000,other
1394,30,30422,東牟婁郡太地町,ヒガシムログンタイジチョウ,304220000000,other
1395,30,30424,東牟婁郡古座川町,ヒガシムログンコザガワチョウ,304240000000,other
1396,30,30427,東牟婁郡北山村,ヒガシムログンキタヤマムラ,304270000000,other
1397,30,30428,東牟婁郡串本町,ヒガシムログンクシモトチョウ,304280000000,other
1398,31,31201,鳥取市,トットリシ,312010000000,core_city
1399,31,31202,米子市,ヨナゴシ,312020000000,other
1400,31,31203,倉吉市,クラヨシシ,312030000000,other
1401,31,31204,境港市,サカイミナトシ,312040000000,other
1402,31,31302,岩美郡岩美町,イワミグンイワミチョウ,313020000000,other
1403,31,31325,八頭郡若桜町,ヤズグンワカサチョウ,313250000000,other
1404,31,31328,八頭郡智頭町,ヤズグンチヅチョウ,313280000000,other
1405,31,31329,八頭郡八頭町,ヤズグンヤズチョウ,313290000000,other
1406,31,31364,東伯郡三朝町,トウハクグンミササチョウ,313640000000,other
1407,31,31370,東伯郡湯梨浜町,トウハクグンユリハマチョウ,313700000000,other
1408,31,31371,東伯郡琴浦町,トウハクグンコトウラチョウ,313710000000,other
1409,31,31372,東伯郡北栄町,トウハクグンホクエイチョウ,313720000000,other
1410,31,31384,西伯郡日吉津村,サイハクグンヒエヅソン,313840000000,other
1411,31,31386,西伯郡大山町,サイハクグンダイセンチョウ,313860000000,other
1412,31,31389,西伯郡南部町,サイハクグンナンブチョウ,313890000000,other
1413,31,31390,西伯郡伯耆町,サイハクグンホウキチョウ,313900000000,other
1414,31,31401,日野郡日南町,ヒノグンニチナンチョウ,314010000000,other
1415,31,31402,日野郡日野町,ヒノグンヒノチョウ,314020000000,other
1416,31,31403,日野郡江府町,ヒノグンコウフチョウ,314030000000,other
1417,32,32201,松江市,マツエシ,322010000000,core_city
1418,32,32202,浜田市,ハマダシ,322020000000,other
1419,32,32203,出雲市,イズモシ,322030000000,other
1420,32,32204,益田市,マスダシ,322040000000,other
1421,32,32205,大田市,オオダシ,322050000000,other
1422,32,32206,安来市,ヤスギシ,322060000000,other
1423,32,32207,江津市,ゴウツシ,322070000000,other
1424,32,32209,雲南市,ウンナンシ,322090000000,other
1425,32,32343,仁多郡奥出雲町,ニタグンオクイズモチョウ,323430000000,other
1426,32,32386,飯石郡飯南町,イイシグンイイナンチョウ,323860000000,other
1427,32,32441,邑智郡川本町,オオチグンカワモトマチ,324410000000,other
1428,32,32448,邑智郡美郷町,オオチグンミサトチョウ,324480000000,other
1429,32,32449,邑智郡邑南町,オオチグンオオナンチョウ,324490000000,other
1430,32,32501,鹿足郡津和野町,カノアシグンツワノチョウ,325010000000,other
1431,32,32505,鹿足郡吉賀町,カノアシグンヨシカチョウ,325050000000,other
1432,32,32525,隠岐郡海士町,オキグンアマチョウ,325250000000,other
1433,32,32526,隠岐郡西ノ島町,オキグンニシノシマチョウ,325260000000,other
1434,32,32527,隠岐郡知夫村,オキグンチブムラ,325270000000,other
1435,32,32528,隠岐郡隠岐の島町,オキグンオキノシマチョウ,325280000000,other
1436,33,33101,岡山市北区,オカヤマシキタク,331010000000,ordinance_designated_city
1437,33,33102,岡山市中区,オカヤマシナカク,331020000000,ordinance_designated_city
1438,33,33103,岡山市東区,オカヤマシヒガシク,331030000000,ordinance_designated_city
1439,33,33104,岡山市南区,オカヤマシミナミク,331040000000,ordinance_designated_city
1440,33,33202,倉敷市,クラシキシ,332020000000,core_city
1441,33,33203,津山市,ツヤマシ,332030000000,other
1442,33,33204,玉野市,タマノシ,332040000000,other
1443,33,33205,笠岡市,カサオカシ,332050000000,other
1444,33,33207,井原市,イバラシ,332070000000,other
1445,33,33208,総社市,ソウジャシ,332080000000,other
1446,33,33209,高梁市,タカハシシ,332090000000,other
1447,33,33210,新見市,ニイミシ,332100000000,other
1448,33,33211,備前市,ビゼンシ,332110000000,other
1449,33,33212,瀬戸内市,セトウチシ,332120000000,other
1450,33,33213,赤磐市,アカイワシ,332130000000,other
1451,33,33214,真庭市,マニワシ,332140000000,other
1452,33,33215,美作市,ミマサカシ,332150000000,other
1453,33,33216,浅口市,アサクチシ,332160000000,other
1454,33,33346,和気郡和気町,ワケグンワケチョウ,333460000000,other
1455,33,33423,都窪郡早島町,ツクボグンハヤシマチョウ,334230000000,other
1456,33,33445,浅口郡里庄町,アサクチグンサトショウチョウ,334450000000,other
1457,33,33461,小田郡矢掛町,オダグンヤカゲチョウ,334610000000,other
1458,33,33586,真庭郡新庄村,マニワグンシンジョウソン,335860000000,other
1459,33,33606,苫田郡鏡野町,トマタグンカガミノチョウ,336060000000,other
1460,33,33622,勝田郡勝央町,カツタグンショウオウチョウ,336220000000,other
1461,33,33623,勝田郡奈義町,カツタグンナギチョウ,336230000000,other
1462,33,33643,英田郡西粟倉村,アイダグンニシアワクラソン,336430000000,other
1463,33,33663,久米郡久米南町,クメグンクメナンチョウ,336630000000,other
1464,33,33666,久米郡美咲町,クメグンミサキチョウ,336660000000,other
1465,33,33681,加賀郡吉備中央町,カガグンキビチュウオウチョウ,336810000000,other
1466,34,34101,広島市中区,ヒロシマシナカク,341010000000,ordinance_designated_city
1467,34,34102,広島市東区,ヒロシマシヒガシク,341020000000,ordinance_designated_city
1468,34,34103,広島市南区,ヒロシマシミナミク,341030000000,ordinance_designated_city
1469,34,34104,広島市西区,ヒロシマシニシク,341040000000,ordinance_designated_city
1470,34,34105,広島市安佐南区,ヒロシマシアサミナミク,341050000000,ordinance_designated_city
1471,34,34106,広島市安佐北区,ヒロシマシアサキタク,341060000000,ordinance_designated_city
1472,34,34107,広島市安芸区,ヒロシマシアキク,341070000000,ordinance_designated_city
1473,34,34108,広島市佐伯区,ヒロシマシサエキク,341080000000,ordinance_designated_city
1474,34,34202,呉市,クレシ,342020000000,core_city
1475,34,34203,竹原市,タケハラシ,342030000000,other
1476,34,34204,三原市,ミハラシ,342040000000,other
1477,34,34205,尾道市,オノミチシ,342050000000,other
1478,34,34207,福山市,フクヤマシ,342070000000,core_city
1479,34,34208,府中市,フチュウシ,342080000000,other
1480,34,34209,三次市,ミヨシシ,342090000000,other
1481,34,34210,庄原市,ショウバラシ,342100000000,other
1482,34,34211,大竹市,オオタケシ,342110000000,other
1483,34,34212,東広島市,ヒガシヒロシマシ,342120000000,other
1484,34,34213,廿日市市,ハツカイチシ,342130000000,other
1485,34,34214,安芸高田市,アキタカタシ,342140000000,other
1486,34,34215,江田島市,エタジマシ,342150000000,other
1487,34,34302,安芸郡府中町,アキグンフチュウチョウ,343020000000,other
1488,34,34304,安芸郡海田町,アキグンカイタチョウ,343040000000,other
1489,34,34307,安芸郡熊野町,アキグンクマノチョウ,343070000000,other
1490,34,34309,安芸郡坂町,アキグンサカチョウ,343090000000,other
1491,34,34368,山県郡安芸太田町,ヤマガタグンアキオオタチョウ,343680000000,other
1492,34,34369,山県郡北広島町,ヤマガタグンキタヒロシマチョウ,343690000000,other
1493,34,34431,豊田郡大崎上島町,トヨタグンオオサキカミジマチョウ,344310000000,other
1494,34,34462,世羅郡世羅町,セラグンセラチョウ,344620000000,other
1495,34,34545,神石郡神石高原町,ジンセキグンジンセキコウゲンチョウ,345450000000,other
1496,35,35201,下関市,シモノセキシ,352010000000,core_city
1497,35,35202,宇部市,ウベシ,352020000000,other
1498,35,35203,山口市,ヤマグチシ,352030000000,other
1499,35,35204,萩市,ハギシ,352040000000,other
1500,35,35206,防府市,ホウフシ,352060000000,other
1501,35,35207,下松市,クダマツシ,352070000000,other
1502,35,35208,岩国市,イワクニシ,352080000000,other
1503,35,35210,光市,ヒカリシ,352100000000,other
1504,35,35211,長門市,ナガトシ,352110000000,other
1505,35,35212,柳井市,ヤナイシ,352120000000,other
1506,35,35213,美祢市,ミネシ,352130000000,other
1507,35,35215,周南市,シュウナンシ,352150000000,other
1508,35,35216,山陽小野田市,サンヨウオノダシ,352160000000,other
1509,35,35305,大島郡周防大島町,オオシマグンスオウオオシマチョウ,353050000000,other
1510,35,35321,玖珂郡和木町,クガグンワキチョウ,353210000000,other
1511,35,35341,熊毛郡上関町,クマゲグンカミノセキチョウ,353410000000,other
1512,35,35343,熊毛郡田布施町,クマゲグンタブセチョウ,353430000000,other
1513,35,35344,熊毛郡平生町,クマゲグンヒラオチョウ,353440000000,other
1514,35,35502,阿武郡阿武町,アブグンアブチョウ,355020000000,other
1515,36,36201,徳島市,トクシマシ,362010000000,other
1516,36,36202,鳴門市,ナルトシ,362020000000,other
1517,36,36203,小松島市,コマツシマシ,362030000000,other
1518,36,36204,阿南市,アナンシ,362040000000,other
1519,36,36205,吉野川市,ヨシノガワシ,362050000000,other
1520,36,36206,阿波市,アワシ,362060000000,other
1521,36,36207,美馬市,ミマシ,362070000000,other
1522,36,36208,三好市,ミヨシシ,362080000000,other
1523,36,36301,勝浦郡勝浦町,カツウラグンカツウラチョウ,363010000000,other
1524,36,36302,勝浦郡上勝町,カツウラグンカミカツチョウ,363020000000,other
1525,36,36321,名東郡佐那河内村,ミョウドウグンサナゴウチソン,363210000000,other
1526,36,36341,名西郡石井町,ミョウザイグンイシイチョウ,363410000000,other
1527,36,36342,名西郡神山町,ミョウザイグンカミヤマチョウ,363420000000,other
1528,36,36368,那賀郡那賀町,ナカグンナカチョウ,363680000000,other
1529,36,36383,海部郡牟岐町,カイフグンムギチョウ,363830000000,other
1530,36,36387,海部郡美波町,カイフグンミナミチョウ,363870000000,other
1531,36,36388,海部郡海陽町,カイフグンカイヨウチョウ,363880000000,other
1532,36,36401,板野郡松茂町,イタノグンマツシゲチョウ,364010000000,other
1533,36,36402,板野郡北島町,イタノグンキタジマチョウ,364020000000,other
1534,36,36403,板野郡藍住町,イタノグンアイズミチョウ,364030000000,other
1535,36,36404,板野郡板野町,イタノグンイタノチョウ,364040000000,other
1536,36,36405,板野郡上板町,イタノグンカミイタチョウ,364050000000,other
1537,36,36468,美馬郡つるぎ町,ミマグンツルギチョウ,364680000000,other
1538,36,36489,三好郡東みよし町,ミヨシグンヒガシミヨシチョウ,364890000000,other
1539,37,37201,高松市,タカマツシ,372010000000,core_city
1540,37,37202,丸亀市,マルガメシ,372020000000,other
1541,37,37203,坂出市,サカイデシ,372030000000,other
1542,37,37204,善通寺市,ゼンツウジシ,372040000000,other
1543,37,37205,観音寺市,カンオンジシ,372050000000,other
1544,37,37206,さぬき市,サヌキシ,372060000000,other
1545,37,37207,東かがわ市,ヒガシカガワシ,372070000000,other
1546,37,37208,三豊市,ミトヨシ,372080000000,other
1547,37,37322,小豆郡土庄町,ショウズグントノショウチョウ,373220000000,other
1548,37,37324,小豆郡小豆島町,ショウズグンショウドシマチョウ,373240000000,other
1549,37,37341,木田郡三木町,キタグンミキチョウ,373410000000,other
1550,37,37364,香川郡直島町,カガワグンナオシマチョウ,373640000000,other
1551,37,37386,綾歌郡宇多津町,アヤウタグンウタヅチョウ,373860000000,other
1552,37,37387,綾歌郡綾川町,アヤウタグンアヤガワチョウ,373870000000,other
1553,37,37403,仲多度郡琴平町,ナカタドグンコトヒラチョウ,374030000000,other
1554,37,37404,仲多度郡多度津町,ナカタドグンタドツチョウ,374040000000,other
1555,37,37406,仲多度郡まんのう町,ナカタドグンマンノウチョウ,374060000000,other
1556,38,38201,松山市,マツヤマシ,382010000000,core_city
1557,38,38202,今治市,イマバリシ,382020000000,other
1558,38,38203,宇和島市,ウワジマシ,382030000000,other
1559,38,38204,八幡浜市,ヤワタハマシ,382040000000,other
1560,38,38205,新居浜市,ニイハマシ,382050000000,other
1561,38,38206,西条市,サイジョウシ,382060000000,other
1562,38,38207,大洲市,オオズシ,382070000000,other
1563,38,38210,伊予市,イヨシ,382100000000,other
1564,38,38213,四国中央市,シコクチュウオウシ,382130000000,other
1565,38,38214,西予市,セイヨシ,382140000000,other
1566,38,38215,東温市,トウオンシ,382150000000,other
1567,38,38356,越智郡上島町,オチグンカミジマチョウ,383560000000,other
1568,38,38386,上浮穴郡久万高原町,カミウケナグンクマコウゲンチョウ,383860000000,other
1569,38,38401,伊予郡松前町,イヨグンマサキチョウ,384010000000,other
1570,38,38402,伊予郡砥部町,イヨグントベチョウ,384020000000,other
1571,38,38422,喜多郡内子町,キタグンウチコチョウ,384220000000,other
1572,38,38442,西宇和郡伊方町,ニシウワグンイカタチョウ,384420000000,other
1573,38,38484,北宇和郡松野町,キタウワグンマツノチョウ,384840000000,other
1574,38,38488,北宇和郡鬼北町,キタウワグンキホクチョウ,384880000000,other
1575,38,38506,南宇和郡愛南町,ミナミウワグンアイナンチョウ,385060000000,other
1576,39,39201,高知市,コウチシ,392010000000,core_city
1577,39,39202,室戸市,ムロトシ,392020000000,other
1578,39,39203,安芸市,アキシ,392030000000,other
1579,39,39204,南国市,ナンコクシ,392040000000,other
1580,39,39205,土佐市,トサシ,392050000000,other
1581,39,39206,須崎市,スサキシ,392060000000,other
1582,39,39208,宿毛市,スクモシ,392080000000,other
1583,39,39209,土佐清水市,トサシミズシ,392090000000,other
1584,39,39210,四万十市,シマントシ,392100000000,other
1585,39,39211,香南市,コウナンシ,392110000000,other
1586,39,39212,香美市,カミシ,392120000000,other
1587,39,39301,安芸郡東洋町,アキグントウヨウチョウ,393010000000,other
1588,39,39302,安芸郡奈半利町,アキグンナハリチョウ,393020000000,other
1589,39,39303,安芸郡田野町,アキグンタノチョウ,393030000000,other
1590,39,39304,安芸郡安田町,アキグンヤスダチョウ,393040000000,other
1591,39,39305,安芸郡北川村,アキグンキタガワムラ,393050000000,other
1592,39,39306,安芸郡馬路村,アキグンウマジムラ,393060000000,other
1593,39,39307,安芸郡芸西村,アキグンゲイセイムラ,393070000000,other
1594,39,39341,長岡郡本山町,ナガオカグンモトヤマチョウ,393410000000,other
1595,39,39344,長岡郡大豊町,ナガオカグンオオトヨチョウ,393440000000,other
1596,39,39363,土佐郡土佐町,トサグントサチョウ,393630000000,other
1597,39,39364,土佐郡大川村,トサグンオオカワムラ,393640000000,other
1598,39,39386,吾川郡いの町,アガワグンイノチョウ,393860000000,other
1599,39,39387,吾川郡仁淀川町,アガワグンニヨドガワチョウ,393870000000,other
1600,39,39401,高岡郡中土佐町,タカオカグンナカトサチョウ,394010000000,other
1601,39,39402,高岡郡佐川町,タカオカグンサカワチョウ,394020000000,other
1602,39,39403,高岡郡越知町,タカオカグンオチチョウ,394030000000,other
1603,39,39405,高岡郡檮原町,タカオカグンユスハラチョウ,394050000000,other
1604,39,39410,高岡郡日高村,タカオカグンヒダカムラ,394100000000,other
1605,39,39411,高岡郡津野町,タカオカグンツノチョウ,394110000000,other
1606,39,39412,高岡郡四万十町,タカオカグンシマントチョウ,394120000000,other
1607,39,39424,幡多郡大月町,ハタグンオオツキチョウ,394240000000,other
1608,39,39427,幡多郡三原村,ハタグンミハラムラ,394270000000,other
1609,39,39428,幡多郡黒潮町,ハタグンクロシオチョウ,394280000000,other
1610,40,40101,北九州市門司区,キタキュウシュウシモジク,401010000000,ordinance_designated_city
1611,40,40103,北九州市若松区,キタキュウシュウシワカマツク,401030000000,ordinance_designated_city
1612,40,40105,北九州市戸畑区,キタキュウシュウシトバタク,401050000000,ordinance_designated_city
1613,40,40106,北九州市小倉北区,キタキュウシュウシコクラキタク,401060000000,ordinance_designated_city
1614,40,40107,北九州市小倉南区,キタキュウシュウシコクラミナミク,401070000000,ordinance_designated_city
1615,40,40108,北九州市八幡東区,キタキュウシュウシヤハタヒガシク,401080000000,ordinance_designated_city
1616,40,40109,北九州市八幡西区,キタキュウシュウシヤハタニシク,401090000000,ordinance_designated_city
1617,40,40131,福岡市東区,フクオカシヒガシク,401310000000,ordinance_designated_city
1618,40,40132,福岡市博多区,フクオカシハカタク,401320000000,ordinance_designated_city
1619,40,40133,福岡市中央区,フクオカシチュウオウク,401330000000,ordinance_designated_city
1620,40,40134,福岡市南区,フクオカシミナミク,401340000000,ordinance_designated_city
1621,40,40135,福岡市西区,フクオカシニシク,401350000000,ordinance_designated_city
1622,40,40136,福岡市城南区,フクオカシジョウナンク,401360000000,ordinance_designated_city
1623,40,40137,福岡市早良区,フクオカシサワラク,401370000000,ordinance_designated_city
1624,40,40202,大牟田市,オオムタシ,402020000000,other
1625,40,40203,久留米市,クルメシ,402030000000,core_city
1626,40,40204,直方市,ノオガタシ,402040000000,other
1627,40,40205,飯塚市,イイヅカシ,402050000000,other
1628,40,40206,田川市,タガワシ,402060000000,other
1629,40,40207,柳川市,ヤナガワシ,402070000000,other
1630,40,40210,八女市,ヤメシ,402100000000,other
1631,40,40211,筑後市,チクゴシ,402110000000,other
1632,40,40212,大川市,オオカワシ,402120000000,other
1633,40,40213,行橋市,ユクハシシ,402130000000,other
1634,40,40214,豊前市,ブゼンシ,402140000000,other
1635,40,40215,中間市,ナカマシ,402150000000,other
1636,40,40216,小郡市,オゴオリシ,402160000000,other
1637,40,40217,筑紫野市,チクシノシ,402170000000,other
1638,40,40218,春日市,カスガシ,402180000000,other
1639,40,40219,大野城市,オオノジョウシ,402190000000,other
1640,40,40220,宗像市,ムナカタシ,402200000000,other
1641,40,40221,太宰府市,ダザイフシ,402210000000,other
1642,40,40223,古賀市,コガシ,402230000000,other
1643,40,40224,福津市,フクツシ,402240000000,other
1644,40,40225,うきは市,ウキハシ,402250000000,other
1645,40,40226,宮若市,ミヤワカシ,402260000000,other
1646,40,40227,嘉麻市,カマシ,402270000000,other
1647,40,40228,朝倉市,アサクラシ,402280000000,other
1648,40,40229,みやま市,ミヤマシ,402290000000,other
1649,40,40230,糸島市,イトシマシ,402300000000,other
1650,40,40305,筑紫郡那珂川町,チクシグンナカガワマチ,403050000000,other
1651,40,40341,糟屋郡宇美町,カスヤグンウミマチ,403410000000,other
1652,40,40342,糟屋郡篠栗町,カスヤグンササグリマチ,403420000000,other
1653,40,40343,糟屋郡志免町,カスヤグンシメマチ,403430000000,other
1654,40,40344,糟屋郡須惠町,カスヤグンスエマチ,403440000000,other
1655,40,40345,糟屋郡新宮町,カスヤグンシングウマチ,403450000000,other
1656,40,40348,糟屋郡久山町,カスヤグンヒサヤママチ,403480000000,other
1657,40,40349,糟屋郡粕屋町,カスヤグンカスヤマチ,403490000000,other
1658,40,40381,遠賀郡芦屋町,オンガグンアシヤマチ,403810000000,other
1659,40,40382,遠賀郡水巻町,オンガグンミズマキマチ,403820000000,other
1660,40,40383,遠賀郡岡垣町,オンガグンオカガキマチ,403830000000,other
1661,40,40384,遠賀郡遠賀町,オンガグンオンガチョウ,403840000000,other
1662,40,40401,鞍手郡小竹町,クラテグンコタケマチ,404010000000,other
1663,40,40402,鞍手郡鞍手町,クラテグンクラテマチ,404020000000,other
1664,40,40421,嘉穂郡桂川町,カホグンケイセンマチ,404210000000,other
1665,40,40447,朝倉郡筑前町,アサクラグンチクゼンマチ,404470000000,other
1666,40,40448,朝倉郡東峰村,アサクラグントウホウムラ,404480000000,other
1667,40,40503,三井郡大刀洗町,ミイグンタチアライマチ,405030000000,other
1668,40,40522,三潴郡大木町,ミズマグンオオキマチ,405220000000,other
1669,40,40544,八女郡広川町,ヤメグンヒロカワマチ,405440000000,other
1670,40,40601,田川郡香春町,タガワグンカワラマチ,406010000000,other
1671,40,40602,田川郡添田町,タガワグンソエダマチ,406020000000,other
1672,40,40604,田川郡糸田町,タガワグンイトダマチ,406040000000,other
1673,40,40605,田川郡川崎町,タガワグンカワサキマチ,406050000000,other
1674,40,40608,田川郡大任町,タガワグンオオトウマチ,406080000000,other
1675,40,40609,田川郡赤村,タガワグンアカムラ,406090000000,other
1676,40,40610,田川郡福智町,タガワグンフクチマチ,406100000000,other
1677,40,40621,京都郡苅田町,ミヤコグンカンダマチ,406210000000,other
1678,40,40625,京都郡みやこ町,ミヤコグンミヤコマチ,406250000000,other
1679,40,40642,築上郡吉富町,チクジョウグンヨシトミマチ,406420000000,other
1680,40,40646,築上郡上毛町,チクジョウグンコウゲマチ,406460000000,other
1681,40,40647,築上郡築上町,チクジョウグンチクジョウマチ,406470000000,other
1682,41,41201,佐賀市,サガシ,412010000000,other
1683,41,41202,唐津市,カラツシ,412020000000,other
1684,41,41203,鳥栖市,トスシ,412030000000,other
1685,41,41204,多久市,タクシ,412040000000,other
1686,41,41205,伊万里市,イマリシ,412050000000,other
1687,41,41206,武雄市,タケオシ,412060000000,other
1688,41,41207,鹿島市,カシマシ,412070000000,other
1689,41,41208,小城市,オギシ,412080000000,other
1690,41,41209,嬉野市,ウレシノシ,412090000000,other
1691,41,41210,神埼市,カンザキシ,412100000000,other
1692,41,41327,神埼郡吉野ヶ里町,カンザキグンヨシノガリチョウ,413270000000,other
1693,41,41341,三養基郡基山町,ミヤキグンキヤマチョウ,413410000000,other
1694,41,41345,三養基郡上峰町,ミヤキグンカミミネチョウ,413450000000,other
1695,41,41346,三養基郡みやき町,ミヤキグンミヤキチョウ,413460000000,other
1696,41,41387,東松浦郡玄海町,ヒガシマツウラグンゲンカイチョウ,413870000000,other
1697,41,41401,西松浦郡有田町,ニシマツウラグンアリタチョウ,414010000000,other
1698,41,41423,杵島郡大町町,キシマグンオオマチチョウ,414230000000,other
1699,41,41424,杵島郡江北町,キシマグンコウホクマチ,414240000000,other
1700,41,41425,杵島郡白石町,キシマグンシロイシチョウ,414250000000,other
1701,41,41441,藤津郡太良町,フジツグンタラチョウ,414410000000,other
1702,42,42201,長崎市,ナガサキシ,422010000000,core_city
1703,42,42202,佐世保市,サセボシ,422020000000,core_city
1704,42,42203,島原市,シマバラシ,422030000000,other
1705,42,42204,諫早市,イサハヤシ,422040000000,other
1706,42,42205,大村市,オオムラシ,422050000000,other
1707,42,42207,平戸市,ヒラドシ,422070000000,other
1708,42,42208,松浦市,マツウラシ,422080000000,other
1709,42,42209,対馬市,ツシマシ,422090000000,other
1710,42,42210,壱岐市,イキシ,422100000000,other
1711,42,42211,五島市,ゴトウシ,422110000000,other
1712,42,42212,西海市,サイカイシ,422120000000,other
1713,42,42213,雲仙市,ウンゼンシ,422130000000,other
1714,42,42214,南島原市,ミナミシマバラシ,422140000000,other
1715,42,42307,西彼杵郡長与町,ニシソノギグンナガヨチョウ,423070000000,other
1716,42,42308,西彼杵郡時津町,ニシソノギグントギツチョウ,423080000000,other
1717,42,42321,東彼杵郡東彼杵町,ヒガシソノギグンヒガシソノギチョウ,423210000000,other
1718,42,42322,東彼杵郡川棚町,ヒガシソノギグンカワタナチョウ,423220000000,other
1719,42,42323,東彼杵郡波佐見町,ヒガシソノギグンハサミチョウ,423230000000,other
1720,42,42383,北松浦郡小値賀町,キタマツウラグンオヂカチョウ,423830000000,other
1721,42,42391,北松浦郡佐々町,キタマツウラグンサザチョウ,423910000000,other
1722,42,42411,南松浦郡新上五島町,ミナミマツウラグンシンカミゴトウチョウ,424110000000,other
1723,43,43101,熊本市中央区,クマモトシチュウオウク,431010000000,ordinance_designated_city
1724,43,43102,熊本市東区,クマモトシヒガシク,431020000000,ordinance_designated_city
1725,43,43103,熊本市西区,クマモトシニシク,431030000000,ordinance_designated_city
1726,43,43104,熊本市南区,クマモトシミナミク,431040000000,ordinance_designated_city
1727,43,43105,熊本市北区,クマモトシキタク,431050000000,ordinance_designated_city
1728,43,43202,八代市,ヤツシロシ,432020000000,other
1729,43,43203,人吉市,ヒトヨシシ,432030000000,other
1730,43,43204,荒尾市,アラオシ,432040000000,other
1731,43,43205,水俣市,ミナマタシ,432050000000,other
1732,43,43206,玉名市,タマナシ,432060000000,other
1733,43,43208,山鹿市,ヤマガシ,432080000000,other
1734,43,43210,菊池市,キクチシ,432100000000,other
1735,43,43211,宇土市,ウトシ,432110000000,other
1736,43,43212,上天草市,カミアマクサシ,432120000000,other
1737,43,43213,宇城市,ウキシ,432130000000,other
1738,43,43214,阿蘇市,アソシ,432140000000,other
1739,43,43215,天草市,アマクサシ,432150000000,other
1740,43,43216,合志市,コウシシ,432160000000,other
1741,43,43348,下益城郡美里町,シモマシキグンミサトマチ,433480000000,other
1742,43,43364,玉名郡玉東町,タマナグンギョクトウマチ,433640000000,other
1743,43,43367,玉名郡南関町,タマナグンナンカンマチ,433670000000,other
1744,43,43368,玉名郡長洲町,タマナグンナガスマチ,433680000000,other
1745,43,43369,玉名郡和水町,タマナグンナゴミマチ,433690000000,other
1746,43,43403,菊池郡大津町,キクチグンオオヅマチ,434030000000,other
1747,43,43404,菊池郡菊陽町,キクチグンキクヨウマチ,434040000000,other
1748,43,43423,阿蘇郡南小国町,アソグンミナミオグニマチ,434230000000,other
1749,43,43424,阿蘇郡小国町,アソグンオグニマチ,434240000000,other
1750,43,43425,阿蘇郡産山村,アソグンウブヤマムラ,434250000000,other
1751,43,43428,阿蘇郡高森町,アソグンタカモリマチ,434280000000,other
1752,43,43432,阿蘇郡西原村,アソグンニシハラムラ,434320000000,other
1753,43,43433,阿蘇郡南阿蘇村,アソグンミナミアソムラ,434330000000,other
1754,43,43441,上益城郡御船町,カミマシキグンミフネマチ,434410000000,other
1755,43,43442,上益城郡嘉島町,カミマシキグンカシママチ,434420000000,other
1756,43,43443,上益城郡益城町,カミマシキグンマシキマチ,434430000000,other
1757,43,43444,上益城郡甲佐町,カミマシキグンコウサマチ,434440000000,other
1758,43,43447,上益城郡山都町,カミマシキグンヤマトチョウ,434470000000,other
1759,43,43468,八代郡氷川町,ヤツシログンヒカワチョウ,434680000000,other
1760,43,43482,葦北郡芦北町,アシキタグンアシキタマチ,434820000000,other
1761,43,43484,葦北郡津奈木町,アシキタグンツナギマチ,434840000000,other
1762,43,43501,球磨郡錦町,クマグンニシキマチ,435010000000,other
1763,43,43505,球磨郡多良木町,クマグンタラギマチ,435050000000,other
1764,43,43506,球磨郡湯前町,クマグンユノマエマチ,435060000000,other
1765,43,43507,球磨郡水上村,クマグンミズカミムラ,435070000000,other
1766,43,43510,球磨郡相良村,クマグンサガラムラ,435100000000,other
1767,43,43511,球磨郡五木村,クマグンイツキムラ,435110000000,other
1768,43,43512,球磨郡山江村,クマグンヤマエムラ,435120000000,other
1769,43,43513,球磨郡球磨村,クマグンクマムラ,435130000000,other
1770,43,43514,球磨郡あさぎり町,クマグンアサギリチョウ,435140000000,other
1771,43,43531,天草郡苓北町,アマクサグンレイホクマチ,435310000000,other
1772,44,44201,大分市,オオイタシ,442010000000,core_city
1773,44,44202,別府市,ベップシ,442020000000,other
1774,44,44203,中津市,ナカツシ,442030000000,other
1775,44,44204,日田市,ヒタシ,442040000000,other
1776,44,44205,佐伯市,サイキシ,442050000000,other
1777,44,44206,臼杵市,ウスキシ,442060000000,other
1778,44,44207,津久見市,ツクミシ,442070000000,other
1779,44,44208,竹田市,タケタシ,442080000000,other
1780,44,44209,豊後高田市,ブンゴタカダシ,442090000000,other
1781,44,44210,杵築市,キツキシ,442100000000,other
1782,44,44211,宇佐市,ウサシ,442110000000,other
1783,44,44212,豊後大野市,ブンゴオオノシ,442120000000,other
1784,44,44213,由布市,ユフシ,442130000000,other
1785,44,44214,国東市,クニサキシ,442140000000,other
1786,44,44322,東国東郡姫島村,ヒガシクニサキグンヒメシマムラ,443220000000,other
1787,44,44341,速見郡日出町,ハヤミグンヒジマチ,443410000000,other
1788,44,44461,玖珠郡九重町,クスグンココノエマチ,444610000000,other
1789,44,44462,玖珠郡玖珠町,クスグンクスマチ,444620000000,other
1790,45,45201,宮崎市,ミヤザキシ,452010000000,core_city
1791,45,45202,都城市,ミヤコノジョウシ,452020000000,other
1792,45,45203,延岡市,ノベオカシ,452030000000,other
1793,45,45204,日南市,ニチナンシ,452040000000,other
1794,45,45205,小林市,コバヤシシ,452050000000,other
1795,45,45206,日向市,ヒュウガシ,452060000000,other
1796,45,45207,串間市,クシマシ,452070000000,other
1797,45,45208,西都市,サイトシ,452080000000,other
1798,45,45209,えびの市,エビノシ,452090000000,other
1799,45,45341,北諸県郡三股町,キタモロカタグンミマタチョウ,453410000000,other
1800,45,45361,西諸県郡高原町,ニシモロカタグンタカハルチョウ,453610000000,other
1801,45,45382,東諸県郡国富町,ヒガシモロカタグンクニトミチョウ,453820000000,other
1802,45,45383,東諸県郡綾町,ヒガシモロカタグンアヤチョウ,453830000000,other
1803,45,45401,児湯郡高鍋町,コユグンタカナベチョウ,454010000000,other
1804,45,45402,児湯郡新富町,コユグンシントミチョウ,454020000000,other
1805,45,45403,児湯郡西米良村,コユグンニシメラソン,454030000000,other
1806,45,45404,児湯郡木城町,コユグンキジョウチョウ,454040000000,other
1807,45,45405,児湯郡川南町,コユグンカワミナミチョウ,454050000000,other
1808,45,45406,児湯郡都農町,コユグンツノチョウ,454060000000,other
1809,45,45421,東臼杵郡門川町,ヒガシウスキグンカドガワチョウ,454210000000,other
1810,45,45429,東臼杵郡諸塚村,ヒガシウスキグンモロツカソン,454290000000,other
1811,45,45430,東臼杵郡椎葉村,ヒガシウスキグンシイバソン,454300000000,other
1812,45,45431,東臼杵郡美郷町,ヒガシウスキグンミサトチョウ,454310000000,other
1813,45,45441,西臼杵郡高千穂町,ニシウスキグンタカチホチョウ,454410000000,other
1814,45,45442,西臼杵郡日之影町,ニシウスキグンヒノカゲチョウ,454420000000,other
1815,45,45443,西臼杵郡五ヶ瀬町,ニシウスキグンゴカセチョウ,454430000000,other
1816,46,46201,鹿児島市,カゴシマシ,462010000000,core_city
1817,46,46203,鹿屋市,カノヤシ,462030000000,other
1818,46,46204,枕崎市,マクラザキシ,462040000000,other
1819,46,46206,阿久根市,アクネシ,462060000000,other
1820,46,46208,出水市,イズミシ,462080000000,other
1821,46,46210,指宿市,イブスキシ,462100000000,other
1822,46,46213,西之表市,ニシノオモテシ,462130000000,other
1823,46,46214,垂水市,タルミズシ,462140000000,other
1824,46,46215,薩摩川内市,サツマセンダイシ,462150000000,other
1825,46,46216,日置市,ヒオキシ,462160000000,other
1826,46,46217,曽於市,ソオシ,462170000000,other
1827,46,46218,霧島市,キリシマシ,462180000000,other
1828,46,46219,いちき串木野市,イチキクシキノシ,462190000000,other
1829,46,46220,南さつま市,ミナミサツマシ,462200000000,other
1830,46,46221,志布志市,シブシシ,462210000000,other
1831,46,46222,奄美市,アマミシ,462220000000,other
1832,46,46223,南九州市,ミナミキュウシュウシ,462230000000,other
1833,46,46224,伊佐市,イサシ,462240000000,other
1834,46,46225,姶良市,アイラシ,462250000000,other
1835,46,46303,鹿児島郡三島村,カゴシマグンミシマムラ,463030000000,other
1836,46,46304,鹿児島郡十島村,カゴシマグントシマムラ,463040000000,other
1837,46,46392,薩摩郡さつま町,サツマグンサツマチョウ,463920000000,other
1838,46,46404,出水郡長島町,イズミグンナガシマチョウ,464040000000,other
1839,46,46452,姶良郡湧水町,アイラグンユウスイチョウ,464520000000,other
1840,46,46468,曽於郡大崎町,ソオグンオオサキチョウ,464680000000,other
1841,46,46482,肝属郡東串良町,キモツキグンヒガシクシラチョウ,464820000000,other
1842,46,46490,肝属郡錦江町,キモツキグンキンコウチョウ,464900000000,other
1843,46,46491,肝属郡南大隅町,キモツキグンミナミオオスミチョウ,464910000000,other
1844,46,46492,肝属郡肝付町,キモツキグンキモツキチョウ,464920000000,other
1845,46,46501,熊毛郡中種子町,クマゲグンナカタネチョウ,465010000000,other
1846,46,46502,熊毛郡南種子町,クマゲグンミナミタネチョウ,465020000000,other
1847,46,46505,熊毛郡屋久島町,クマゲグンヤクシマチョウ,465050000000,other
1848,46,46523,大島郡大和村,オオシマグンヤマトソン,465230000000,other
1849,46,46524,大島郡宇検村,オオシマグンウケンソン,465240000000,other
1850,46,46525,大島郡瀬戸内町,オオシマグンセトウチチョウ,465250000000,other
1851,46,46527,大島郡龍郷町,オオシマグンタツゴウチョウ,465270000000,other
1852,46,46529,大島郡喜界町,オオシマグンキカイチョウ,465290000000,other
1853,46,46530,大島郡徳之島町,オオシマグントクノシマチョウ,465300000000,other
1854,46,46531,大島郡天城町,オオシマグンアマギチョウ,465310000000,other
1855,46,46532,大島郡伊仙町,オオシマグンイセンチョウ,465320000000,other
1856,46,46533,大島郡和泊町,オオシマグンワドマリチョウ,465330000000,other
1857,46,46534,大島郡知名町,オオシマグンチナチョウ,465340000000,other
1858,46,46535,大島郡与論町,オオシマグンヨロンチョウ,465350000000,other
1859,47,47201,那覇市,ナハシ,472010000000,core_city
1860,47,47205,宜野湾市,ギノワンシ,472050000000,other
1861,47,47207,石垣市,イシガキシ,472070000000,other
1862,47,47208,浦添市,ウラソエシ,472080000000,other
1863,47,47209,名護市,ナゴシ,472090000000,other
1864,47,47210,糸満市,イトマンシ,472100000000,other
1865,47,47211,沖縄市,オキナワシ,472110000000,other
1866,47,47212,豊見城市,トミグスクシ,472120000000,other
1867,47,47213,うるま市,ウルマシ,472130000000,other
1868,47,47214,宮古島市,ミヤコジマシ,472140000000,other
1869,47,47215,南城市,ナンジョウシ,472150000000,other
1870,47,47301,国頭郡国頭村,クニガミグンクニガミソン,473010000000,other
1871,47,47302,国頭郡大宜味村,クニガミグンオオギミソン,473020000000,other
1872,47,47303,国頭郡東村,クニガミグンヒガシソン,473030000000,other
1873,47,47306,国頭郡今帰仁村,クニガミグンナキジンソン,473060000000,other
1874,47,47308,国頭郡本部町,クニガミグンモトブチョウ,473080000000,other
1875,47,47311,国頭郡恩納村,クニガミグンオンナソン,473110000000,other
1876,47,47313,国頭郡宜野座村,クニガミグンギノザソン,473130000000,other
1877,47,47314,国頭郡金武町,クニガミグンキンチョウ,473140000000,other
1878,47,47315,国頭郡伊江村,クニガミグンイエソン,473150000000,other
1879,47,47324,中頭郡読谷村,ナカガミグンヨミタンソン,473240000000,other
1880,47,47325,中頭郡嘉手納町,ナカガミグンカデナチョウ,473250000000,other
1881,47,47326,中頭郡北谷町,ナカガミグンチャタンチョウ,473260000000,other
1882,47,47327,中頭郡北中城村,ナカガミグンキタナカグスクソン,473270000000,other
1883,47,47328,中頭郡中城村,ナカガミグンナカグスクソン,473280000000,other
1884,47,47329,中頭郡西原町,ナカガミグンニシハラチョウ,473290000000,other
1885,47,47348,島尻郡与那原町,シマジリグンヨナバルチョウ,473480000000,other
1886,47,47350,島尻郡南風原町,シマジリグンハエバルチョウ,473500000000,other
1887,47,47353,島尻郡渡嘉敷村,シマジリグントカシキソン,473530000000,other
1888,47,47354,島尻郡座間味村,シマジリグンザマミソン,473540000000,other
1889,47,47355,島尻郡粟国村,シマジリグンアグニソン,473550000000,other
1890,47,47356,島尻郡渡名喜村,シマジリグントナキソン,473560000000,other
1891,47,47357,島尻郡南大東村,シマジリグンミナミダイトウソン,473570000000,other
1892,47,47358,島尻郡北大東村,シマジリグンキタダイトウソン,473580000000,other
1893,47,47359,島尻郡伊平屋村,シマジリグンイヘヤソン,473590000000,other
1894,47,47360,島尻郡伊是名村,シマジリグンイゼナソン,473600000000,other
1895,47,47361,島尻郡久米島町,シマジリグンクメジマチョウ,473610000000,other
1896,47,47362,島尻郡八重瀬町,シマジリグンヤエセチョウ,473620000000,other
1897,47,47375,宮古郡多良間村,ミヤコグンタラマソン,473750000000,other
1898,47,47381,八重山郡竹富町,ヤエヤマグンタケトミチョウ,473810000000,other
1899,47,47382,八重山郡与那国町,ヤエヤマグンヨナグニチョウ,473820000000,other
1900,4,04216,富谷市,トミヤマシ,042160000000,other
